K,M,region_code,region_label,gain_abs_pct,cutoff_abs_pct,phase_abs_deg
1,0.3,3,Risky,0.00969135038240143,74.6952667557879,53.745890004322
1,0.318130185280863,3,Risky,0.00898410070695466,73.4568876179473,52.8555344190306
1,0.337356049289453,3,Risky,0.00835006966850571,72.1762358297478,51.933735893426
1,0.357743808220246,3,Risky,0.00778144175250794,70.8539948955901,50.9809716038093
1,0.37936367997396,3,Risky,0.0072712498836669,69.4910682588283,49.9979297247002
1,0.402290125996486,3,Risky,0.00681328251395108,68.0885743439377,48.9855213859711
1,0.426602107733079,3,Risky,0.00640200092556498,66.6478360044223,47.944890066591
1,0.452383358581104,3,Risky,0.00603246562491666,65.1707138003508,46.8774178311683
1,0.479722672277952,3,Risky,0.00570027082722468,63.6590121747621,45.7847278420064
1,0.5,3,Risky,0.00548620993718885,62.5729002146925,44.9996180283423
1,0.508714208717384,3,Risky,0.00540148614063263,62.1150829826383,44.6686826392425
1,0.539457818247563,3,Risky,0.00513260465770937,60.5414795869873,43.5313777771835
1,0.572059385567691,3,Risky,0.00489049674856634,58.9409171860472,42.3751305360549
1,0.606631194407686,3,Risky,0.00467236892784939,57.3165233191554,41.2024635918778
1,0.643292314246894,3,Risky,0.00447572723689671,55.6714995500385,40.0160837166301
1,0.682169010403731,3,Risky,0.00429834464424905,54.0094890953259,38.818855786577
1,0.723395178908673,3,Risky,0.00413823202136676,52.3341914517532,37.6137725863224
1,0.76711280765833,3,Risky,0.00399361230078998,50.6492935843564,36.4039210956174
1,0.813472465438891,3,Risky,0.00386289746602264,48.9589692405011,35.1924461206854
1,0.862633820503182,3,Risky,0.00374466806150053,47.2671415964899,33.9825122682073
1,0.914766190487385,3,Risky,0.0036376549454431,45.577989353257,32.7772653471047
1,0.970049125561403,3,Risky,0.00354072303887509,43.8954974566702,31.5797943136194
1,1,3,Risky,0.00349411657225573,43.0278063001307,30.9632867910379
1,1.02867302682129,3,Risky,0.00345285685134922,42.2241541493085,30.3930948463584
1,1.09083980205361,3,Risky,0.00337314758775964,40.5675880923642,29.2200355523747
1,1.15676356113018,3,Risky,0.00330078166278502,38.9298262397052,28.0633276701329
1,1.22667135342832,3,Risky,0.00323503046808504,37.3145198501448,26.9254989613184
1,1.30080394981626,3,Risky,0.00317524125484914,35.7255394138577,25.8088722844247
1,1.37941667189708,3,Risky,0.00312082900898458,34.165869927725,24.7155491334669
1,1.4627802713671,3,Risky,0.00307126921035294,32.6388057232467,23.6473982191761
1,1.55118186251735,3,Risky,0.00302609137866616,31.1471421296116,22.6060489800254
1,1.64492591108987,3,Risky,0.00298487332031083,29.693144595693,21.5928897461697
1,1.74433528289437,3,Risky,0.00294723599880697,28.2795871927935,20.6090701473864
1,1.84975235579711,3,Risky,0.00291283896096672,26.9078813323528,19.6555072596144
1,1.96154019891149,3,Risky,0.00288137625767959,25.5797110716556,18.7328949239315
1,2,3,Risky,0.00287156321083781,25.1500309988664,18.434497216743
1,2.0800838230519,3,Risky,0.00285257280552287,24.2962369876735,17.8417156444606
1,2.20579150675742,3,Risky,0.00282618114061384,23.058795687958,16.982254473612
1,2.33909620245231,3,Risky,0.00280197852241537,21.8674439771078,16.1546143189585
1,2.48045702758638,3,Risky,0.00277976434854832,20.7229922334058,15.3587321501197
1,2.63036084589092,3,Risky,0.00275935784779247,19.6253076177985,14.5943956405977
1,2.78932394419601,3,Risky,0.0027405960195237,18.5742654977475,13.8612598433095
1,2.95789381058475,3,Risky,0.00272333179430762,17.5695343152862,13.1588635651058
1,3.13665102000814,3,Risky,0.00270743239045856,16.6100653564362,12.4866451712233
1,3.32621123385532,3,Risky,0.00269277784579192,15.6956849263146,11.843957612654
1,3.5272273203656,3,Risky,0.00267925970540706,14.8249010976052,11.2300825259633
1,3.74039160318543,3,Risky,0.00266677984885888,13.9967763014716,10.6442433050002
1,3.96643824581455,3,Risky,0.00265524944110807,13.2101603494062,10.0856170867213
1,4.20614578015361,3,Risky,0.00264458799452694,12.4637236642402,9.55334562894524
1,4.46033978786196,3,Risky,0.00263472252932662,11.7559897607069,9.04654508659721
1,4.72989574376043,3,Risky,0.00262558682231351,11.0853756896507,8.56431471543846
1,5,3,Risky,0.00261755821853171,10.4841730437467,8.12972589996032
1,5.01574203107223,3,Risky,0.00261712073428289,10.4510644089539,8.10574454910073
1,5.31886313888673,2,Marginal,0.00260926960737873,9.85065020307398,7.66992210721597
1,5.64030305285862,2,Marginal,0.00260198372541431,9.28354444952922,7.2559382003088
1,5.98116885082043,2,Marginal,0.00259521782985939,8.74761077327094,6.86289190163122
1,6.34263451569209,2,Marginal,0.002588930685965,8.24148416392079,6.48989475793728
1,6.72594497881973,2,Marginal,0.00258308469356372,7.76380406547403,6.13607431091283
1,7.13242040766936,2,Marginal,0.00257764553759365,7.31323425518996,5.80057699910902
1,7.56346075264287,2,Marginal,0.00257258187446041,6.88834537271217,5.48257050721426
1,8.02055056867603,2,Marginal,0.00256786505019591,6.48783885858169,5.18124562569713
1,8.50526412822478,2,Marginal,0.00256346884710545,6.11041255813978,4.89581767955599
1,9.01927084324942,2,Marginal,0.00255936925604994,5.75476668446534,4.62552758034954
1,9.56434101487073,2,Marginal,0.0025555442713765,5.41965240129075,4.36964255103611
1,10,2,Marginal,0.00255281156755771,5.17810732041564,4.18458039436546
1,10.1423519305006,2,Marginal,0.0025519737065216,5.10386160051723,4.12745656855127
1,10.7552943294462,1,Safe,0.00254863902766633,4.80662086111972,3.89829056460356
1,11.4052792592565,1,Safe,0.00254552320402279,4.52676555788257,3.68149242093127
1,12.0945453464241,1,Safe,0.00254261057257565,4.26295866143704,3.47643679128849
1,12.8254665064857,1,Safe,0.00253988671632399,4.014976796628,3.28252477873669
1,13.6005601200726,1,Safe,0.00253733835395842,3.78119115034271,3.09918349342539
1,14.4224957030741,1,Safe,0.00253495324054054,3.5613368869978,2.92586551294936
1,15.2941041007713,1,Safe,0.00253272007731953,3.35409568263196,2.76204826456586
1,16.2183872376106,1,Safe,0.0025306284304305,3.15930938937567,2.60723334603033
1,17.1985284561928,1,Safe,0.0025286686571091,2.97557679370722,2.46094579954769
1,18.2379034810894,1,Safe,0.00252683183881164,2.80296975213034,2.32273335132101
1,19.3400920452449,1,Safe,0.00252510972065245,2.64030308510599,2.19216562738979
1,20,1,Safe,0.00252417359282164,2.55149242465692,2.12078422886222
1,20.5088902190089,1,Safe,0.00252349465634794,2.48697964227507,2.06883335486957
1,21.7483234842606,1,Safe,0.0025219795582121,2.34300949594026,1.95234755631147
1,23.0626605986532,1,Safe,0.00252055785175953,2.20726588976915,1.84233874367796
1,24.4564282977307,1,Safe,0.00251922343434963,2.07928426705748,1.73845611736209
1,25.9344268855507,1,Safe,0.00251797063752779,1.95905379284535,1.640366774745
1,27.5017467675107,1,Safe,0.00251679419269735,1.84582697806147,1.54775493197589
1,29.1637859823185,1,Safe,0.00251568919986678,1.73908547622543,1.46032116195674
1,30.926268793488,1,Safe,0.00251465109907256,1.6384595375752,1.37778165090759
1,32.7952654043937,1,Safe,0.00251367564416682,1.54385690208917,1.29986747536616
1,34.7772128647828,1,Safe,0.00251275887919178,1.45484651476139,1.22632390102785
1,36.8789372407512,1,Safe,0.00251189711617528,1.3709390230705,1.15690970444977
1,39.1076771245382,1,Safe,0.00251108691549096,1.29184203075225,1.09139651831705
1,41.4711085651117,1,Safe,0.0025103250672398,1.21727970721304,1.02956820069414
1,43.9773715054059,1,Safe,0.00250960857446358,1.14699189606095,0.971220228451372
1,46.635097817267,1,Safe,0.00250893463784596,1.08102934237926,0.916159114862957
1,49.453441030661,1,Safe,0.0025083006412574,1.01885653379273,0.864201851210957
1,50,1,Safe,0.00250818612399506,1.00761320171327,0.854800391135356
1,52.4421078595347,1,Safe,0.00250770413883217,0.960247453141237,0.815175372096292
1,55.6113916329092,1,Safe,0.00250714284286691,0.904997367445576,0.76891604404917
1,58.9722077463467,1,Safe,0.0025066146127628,0.852913292952817,0.725269176943897
1,62.5361312558894,1,Safe,0.00250611744476714,0.803813332051668,0.684088557653027
1,66.3154367439481,1,Safe,0.0025056494625364,0.757526044867554,0.645236005322346
1,70.3231405944451,1,Safe,0.00250520890839878,0.713889854269819,0.60858094760718
1,74.57304582281,1,Safe,0.00250479413534954,0.672825455879065,0.57400001718117
1,79.0797896152294,1,Safe,0.00250440359943482,0.634221847410772,0.541376667808976
1,83.8588937408818,1,Safe,0.00250403585305703,0.597828273996493,0.510600809262691
1,88.926818010783,1,Safe,0.00250368953844671,0.563517836030714,0.481568460356669
1,94.3010169673599,1,Safe,0.00250336338172286,0.531170945731374,0.454181419376553
1,100,1,Safe,0.00250305618738622,0.500674905609994,0.428346951183698
2,0.3,3,Risky,0.0112443127176953,75.4732824299123,46.4684029705284
2,0.318130185280863,3,Risky,0.0105055667570686,74.2989842753914,45.6603975325222
2,0.337356049289453,3,Risky,0.00984183163001973,73.0859276505838,44.8272236168872
2,0.357743808220246,3,Risky,0.00924519007021729,71.8346709136312,43.969555717554
2,0.37936367997396,3,Risky,0.00870857899405442,70.5459406614458,43.088239043684
2,0.402290125996486,3,Risky,0.00822569626959258,69.2208158092855,42.1842942207923
2,0.426602107733079,3,Risky,0.00779091771725415,67.860390076205,41.2589196391979
2,0.452383358581104,3,Risky,0.00739922321797426,66.4662514775294,40.3134911353327
2,0.479722672277952,3,Risky,0.00704613092680217,65.0399574887683,39.3495587409075
2,0.5,3,Risky,0.00681804600994873,64.0153503075041,38.6592567367964
2,0.508714208717384,3,Risky,0.00672763870150916,63.5834328331583,38.3688403031726
2,0.539457818247563,3,Risky,0.00644017195172708,62.0988392258698,37.3732118654172
2,0.572059385567691,3,Risky,0.0061805372036039,60.5886501020885,36.3646947978242
2,0.606631194407686,3,Risky,0.00594588075055746,59.0552929124659,35.3454397807648
2,0.643292314246894,3,Risky,0.0057336518312745,57.5016049142267,34.317707860125
2,0.682169010403731,3,Risky,0.00554156983700871,55.9306019934441,33.2838489108418
2,0.723395178908673,3,Risky,0.00536759510556539,54.3453441584331,32.2462779534162
2,0.76711280765833,3,Risky,0.00520990290715506,52.7491306879109,31.2074498617333
2,0.813472465438891,3,Risky,0.00506686027181846,51.1452636583697,30.1698330726599
2,0.862633820503182,3,Risky,0.00493700534607289,49.5373956306349,29.1358829535035
2,0.914766190487385,3,Risky,0.00481902900106856,47.9289769680604,28.1080154991976
2,0.970049125561403,3,Risky,0.00471175844487526,46.3235181408449,27.0885820158671
2,1,3,Risky,0.00466002810071142,45.4937782580128,26.5643545144279
2,1.02867302682129,3,Risky,0.00461414261929693,44.7244092803561,26.0798454023446
2,1.09083980205361,3,Risky,0.00452523918490488,43.135231933951,25.0839585695166
2,1.15676356113018,3,Risky,0.00444420292081693,41.5595161120866,24.1029454441592
2,1.22667135342832,3,Risky,0.00437027538333634,40.0005078787611,23.1386848955464
2,1.30080394981626,3,Risky,0.00430277568630455,38.4611201819702,22.1928978066168
2,1.37941667189708,3,Risky,0.00424109227992187,36.9447219670674,21.2671373939267
2,1.4627802713671,3,Risky,0.00418467561883462,35.453844709272,20.3627827684999
2,1.55118186251735,3,Risky,0.00413303162227763,33.9911493133469,19.4810356284631
2,1.64492591108987,3,Risky,0.00408571583980777,32.5589018588506,18.6229198881454
2,1.74433528289437,3,Risky,0.00404232824544604,31.1597088605622,17.7892839797352
2,1.84975235579711,3,Risky,0.00400250859167173,29.7949258141658,16.9808055137769
2,1.96154019891149,3,Risky,0.00396593226233977,28.4664051745939,16.1979979535523
2,2,3,Risky,0.00395449206620491,28.034948330493,15.9446775470506
2,2.0800838230519,3,Risky,0.00393230656995369,27.1755978011366,15.4412189444646
2,2.20579150675742,3,Risky,0.00390136744933267,25.9235397094774,14.7106799408272
2,2.33909620245231,3,Risky,0.00387287650398527,24.7110460561471,14.0064567863858
2,2.48045702758638,3,Risky,0.00384661836749789,23.5390538527912,13.3285009286406
2,2.63036084589092,3,Risky,0.00382239834539888,22.4078051012504,12.6766509777953
2,2.78932394419601,3,Risky,0.00380004030708925,21.317476840403,12.0506443563178
2,2.95789381058475,3,Risky,0.00377938480101703,20.2681048424981,11.4501288223501
2,3.13665102000814,3,Risky,0.00376028736873701,19.2594212694783,10.8746736876435
2,3.32621123385532,3,Risky,0.00374261703649514,18.291496471789,10.3237805868011
2,3.5272273203656,3,Risky,0.0037262549652417,17.3632765780573,9.79689368827714
2,3.74039160318543,3,Risky,0.00371109324182051,16.4746633258452,9.2934092680745
2,3.96643824581455,3,Risky,0.00369703379656805,15.6245084717423,8.81268459395787
2,4.20614578015361,3,Risky,0.00368398743317844,14.8120931446578,8.35404609110154
2,4.46033978786196,3,Risky,0.00367187295950977,14.0365345801817,7.91679677944271
2,4.72989574376043,3,Risky,0.00366061640786342,13.2968086641483,7.50022298879765
2,5,3,Risky,0.00365069201264667,12.6286319844706,7.12435412327628
2,5.01574203107223,3,Risky,0.00365015033574334,12.5917721316732,7.10360037029475
2,5.31886313888673,3,Risky,0.00364041319821373,11.9202832575807,6.72619923223027
2,5.64030305285862,3,Risky,0.00363134878430538,11.2816401113642,6.36728923542388
2,5.98116885082043,3,Risky,0.00362290571087609,10.6739255167048,6.02614348791882
2,6.34263451569209,3,Risky,0.00361503696750809,10.0968510884993,5.70204208179338
2,6.72594497881973,2,Marginal,0.00360769950742412,9.54852017273582,5.39427511626154
2,7.13242040766936,2,Marginal,0.00360085387933751,9.02789188255345,5.10214525144547
2,7.56346075264287,2,Marginal,0.00359446389617268,8.53416905031065,4.82496983646593
2,8.02055056867603,2,Marginal,0.0035884963363042,8.06595460372013,4.56208265405124
2,8.50526412822478,2,Marginal,0.00358292067481614,7.62208894257732,4.31283532190572
2,9.01927084324942,2,Marginal,0.0035777088406963,7.20148748442563,4.07659838876675
2,9.56434101487073,2,Marginal,0.00357283499792249,6.80307195415622,3.85276216054891
2,10,2,Marginal,0.00356934618757077,6.51479236337065,3.69076226149893
2,10.1423519305006,2,Marginal,0.00356827534778725,6.42577626410537,3.64073728932969
2,10.7552943294462,2,Marginal,0.0035640079502075,6.06873161500789,3.43995515525643
2,11.4052792592565,2,Marginal,0.00356001256217597,5.73099205482013,3.24986806881361
2,12.0945453464241,2,Marginal,0.00355627049162255,5.41138421836758,3.06994931832863
2,12.8254665064857,2,Marginal,0.00355276446495356,5.10892817813423,2.89969308514727
2,13.6005601200726,1,Safe,0.00354947850720322,4.82313938989209,2.73861424660058
2,14.4224957030741,1,Safe,0.00354639783308741,4.55294638815019,2.58624808472568
2,15.2941041007713,1,Safe,0.00354350874847142,4.29729434723235,2.44214991670145
2,16.2183872376106,1,Safe,0.00354079856049738,4.05610754832127,2.30589466111932
2,17.1985284561928,1,Safe,0.00353825549612719,3.82777717582307,2.1770763525253
2,18.2379034810894,1,Safe,0.00353586862802402,3.61250541664884,2.05530761513937
2,19.3400920452449,1,Safe,0.00353362780695088,3.40871285851565,1.94021910527334
2,20,1,Safe,0.00353240848036673,3.29757995059283,1.87727750363119
2,20.5088902190089,1,Safe,0.00353152360016429,3.21666453867831,1.83145893072142
2,21.7483234842606,1,Safe,0.00352954723539245,3.03500112761696,1.72869205427996
2,23.0626605986532,1,Safe,0.00352769054955404,2.86354445201603,1.63159968755277
2,24.4564282977307,1,Safe,0.00352594594190681,2.70174844814763,1.53987868031057
2,25.9344268855507,1,Safe,0.00352430633131506,2.5487479913596,1.45324090988237
2,27.5017467675107,1,Safe,0.00352276511697003,2.40453972911759,1.37141267436016
2,29.1637859823185,1,Safe,0.00352131614261841,2.26842209350003,1.29413409278249
2,30.926268793488,1,Safe,0.00351995366359992,2.13976798611029,1.22115851492222
2,32.7952654043937,1,Safe,0.00351867231663805,2.01833909821196,1.15225194282998
2,34.7772128647828,1,Safe,0.00351746709216227,1.90398321137023,1.08719246587192
2,36.8789372407512,1,Safe,0.0035163333088617,1.79594150063454,1.02576971063968
2,39.1076771245382,1,Safe,0.00351526659013723,1.69387690023934,0.967784306799267
2,41.4711085651117,1,Safe,0.00351426284269651,1.5974779523253,0.913047369675041
2,43.9773715054059,1,Safe,0.00351331823650325,1.5068414699656,0.861380000133458
2,46.635097817267,1,Safe,0.00351242918648076,1.42124588484967,0.812612802131909
2,49.453441030661,1,Safe,0.0035115923357476,1.34041787327267,0.766585418128706
2,50,1,Safe,0.0035114411266024,1.32578641210363,0.758255985892333
2,52.4421078595347,1,Safe,0.00351080453971919,1.26409811838705,0.72314608240606
2,55.6113916329092,1,Safe,0.00351006285190802,1.19204068896752,0.682151192236987
2,58.9722077463467,1,Safe,0.00350936451042339,1.12410925514516,0.643464896725604
2,62.5361312558894,1,Safe,0.00350870692562566,1.06018486916641,0.606958703065885
2,66.3154367439481,1,Safe,0.00350808766869104,0.999843307064657,0.572511099895571
2,70.3231405944451,1,Safe,0.00350750446096448,0.942887122055654,0.540007197365426
2,74.57304582281,1,Safe,0.00350695516404542,0.889129363396405,0.509338383499973
2,79.0797896152294,1,Safe,0.00350643777080606,0.838393063450549,0.480401996391315
2,83.8588937408818,1,Safe,0.00350595039663171,0.790510744350559,0.453101011740728
2,88.926818010783,1,Safe,0.00350549127174915,0.745323944228567,0.427343745245167
2,94.3010169673599,1,Safe,0.00350505873377704,0.702682762870809,0.403043569311841
2,100,1,Safe,0.00350465122085364,0.662565795574119,0.380118643577802
5,0.3,3,Risky,0.0147964880165041,76.2146497493324,39.1432032758325
5,0.318130185280863,3,Risky,0.0140262945404857,75.1007133053532,38.4441981513164
5,0.337356049289453,3,Risky,0.0133328993058512,73.9512565600124,37.7257026048404
5,0.357743808220246,3,Risky,0.0127082837895642,72.7667241533075,36.9884128543016
5,0.37936367997396,3,Risky,0.012145289342218,71.5478963162253,36.2331531378683
5,0.402290125996486,3,Risky,0.0116375236432908,70.2954500563435,35.4608765338586
5,0.426602107733079,3,Risky,0.0111792774049135,69.010638138749,34.6726640023089
5,0.452383358581104,3,Risky,0.0107654501982779,67.694517147689,33.8697215071794
5,0.479722672277952,3,Risky,0.0103914844009267,66.3484987241726,33.0533751200383
5,0.5,3,Risky,0.0101493910129236,65.3817838895321,32.4701206823
5,0.508714208717384,3,Risky,0.0100533063729102,64.9742939218405,32.2250640566343
5,0.539457818247563,3,Risky,0.00974727406720888,63.5735893416593,31.3863316554957
5,0.572059385567691,3,Risky,0.00947013036842748,62.1483848291943,30.5388143704499
5,0.606631194407686,3,Risky,0.00921896153002422,60.7007806090856,29.6842289140077
5,0.643292314246894,3,Risky,0.00899116015027346,59.2331497494855,28.8243577527477
5,0.682169010403731,3,Risky,0.00878439218887195,57.7479321924509,27.9610332157867
5,0.723395178908673,3,Risky,0.00859656758038341,56.247597845401,27.0961205297581
5,0.76711280765833,3,Risky,0.00842581404956633,54.7351486044105,26.2315001353617
5,0.813472465438891,3,Risky,0.00827045377796765,53.2131260275079,25.369049668945
5,0.862633820503182,3,Risky,0.00812898260845074,51.6845222433047,24.5106260059632
5,0.914766190487385,3,Risky,0.00800005150967564,50.1522725523675,23.6580477606846
5,0.970049125561403,3,Risky,0.00788245005274746,48.6192663184301,22.8130786183208
5,1,3,Risky,0.00782559958388163,47.8256863910069,22.3787495092391
5,1.02867302682129,3,Risky,0.00777509168004897,47.0887851209374,21.9774118430226
5,1.09083980205361,3,Risky,0.00767700056936604,45.5635361100433,21.1526562599121
5,1.15676356113018,3,Risky,0.00758729991940044,44.0465084238658,20.3403239542761
5,1.22667135342832,3,Risky,0.00750520150093692,42.5405474189494,19.5418198694065
5,1.30080394981626,3,Risky,0.00742999633541075,41.0485275104337,18.7584334197647
5,1.37941667189708,3,Risky,0.00736104637763191,39.573061312804,17.9913321714825
5,1.4627802713671,3,Risky,0.00729777709352675,38.1168092366049,17.2415575807585
5,1.55118186251735,3,Risky,0.00723967083480659,36.6820333526485,16.5100227249975
5,1.64492591108987,3,Risky,0.00718626092389485,35.2709630147271,15.7975119135445
5,1.74433528289437,3,Risky,0.00713712637217867,33.8859584211516,15.1046820258548
5,1.84975235579711,3,Risky,0.00709188716214726,32.5285293591329,14.4320653955521
5,1.96154019891149,3,Risky,0.00705020003248791,31.2007856857701,13.7800740390737
5,2,3,Risky,0.00703713357415481,30.7681493596619,13.5689194576355
5,2.0800838230519,3,Risky,0.00701175471174764,29.9039653728639,13.1490050170021
5,2.20579150675742,3,Risky,0.00697627055128436,28.639435051353,12.5390467138361
5,2.33909620245231,3,Risky,0.00694349351519463,27.4082849546158,11.9502858267162
5,2.48045702758638,3,Risky,0.00691319348778308,26.2118346374527,11.3827148641643
5,2.63036084589092,3,Risky,0.00688516186494681,25.0502470220193,10.8362399708764
5,2.78932394419601,3,Risky,0.00685920939828222,23.9245528125396,10.3106889126955
5,2.95789381058475,3,Risky,0.00683516426530417,22.8350066696357,9.80581907588325
5,3.13665102000814,3,Risky,0.0068128703410153,21.7817535900167,9.32132535563854
5,3.32621123385532,3,Risky,0.00679218564943795,20.7648729676355,8.85684782960305
5,3.5272273203656,3,Risky,0.00677298097567558,19.7846451503331,8.41197913213227
5,3.74039160318543,3,Risky,0.00675513862169907,18.8403567442826,7.98627146388482
5,3.96643824581455,3,Risky,0.00673855129022627,17.9320727439344,7.5792431884212
5,4.20614578015361,3,Risky,0.00672312108282114,17.0590114150969,7.19038498279014
5,4.46033978786196,3,Risky,0.00670875860077302,16.2209662824482,6.81916552241464
5,4.72989574376043,3,Risky,0.00669538213736942,15.4172740336678,6.46503669196628
5,5,3,Risky,0.00668356277612858,14.6874457795311,6.14511412231715
5,5.01574203107223,3,Risky,0.00668291695179235,14.6471079047943,6.12743832339978
5,5.31886313888673,3,Risky,0.00667129461650262,13.909718088189,5.80580247003354
5,5.64030305285862,3,Risky,0.00666045243004731,13.2046020590662,5.49955723165415
5,5.98116885082043,3,Risky,0.00665033288843375,12.5305621411673,5.20813015026975
5,6.34263451569209,3,Risky,0.00664088320913692,11.8865423312794,4.93095119951697
5,6.72594497881973,3,Risky,0.00663205490205598,11.2722903191629,4.66745539301851
5,7.13242040766936,3,Risky,0.00662380338269486,10.6860441955333,4.41708503836418
5,7.56346075264287,3,Risky,0.00661608762314359,10.1276422072496,4.17929166400634
5,8.02055056867603,2,Marginal,0.00660886983686382,9.59558050922154,3.95353764636701
5,8.50526412822478,2,Marginal,0.00660211519395659,9.08894240049309,3.73929756397399
5,9.01927084324942,2,Marginal,0.00659579156373269,8.60684421128643,3.53605930459322
5,9.56434101487073,2,Marginal,0.00658986928186778,8.14847842233281,3.3433249501963
5,10,2,Marginal,0.00658562466556489,7.81579057418725,3.20373390531285
5,10.1423519305006,2,Marginal,0.00658432093935346,7.71278873748633,3.16061146328056
5,10.7552943294462,2,Marginal,0.00657912119157444,7.2987838825158,2.98745119660859
5,11.4052792592565,2,Marginal,0.00657424658497163,6.90560762387651,2.82339224691279
5,12.0945453464241,2,Marginal,0.00656967539978126,6.53247283635406,2.66799867155984
5,12.8254665064857,2,Marginal,0.00656538750734015,6.1783706576718,2.52085058562682
5,13.6005601200726,2,Marginal,0.0065613642401452,5.84239957252921,2.3815441553309
5,14.4224957030741,2,Marginal,0.00655758827399211,5.52367372006573,2.24969150229816
5,15.2941041007713,2,Marginal,0.00655404352027489,5.22160956893247,2.12492053176805
5,16.2183872376106,1,Safe,0.00655071502828619,4.93548813538273,2.00687469651965
5,17.1985284561928,1,Safe,0.00654758889570672,4.66414820902812,1.89521270707746
5,18.2379034810894,1,Safe,0.00654465218723033,4.40736171752018,1.78960819761343
5,19.3400920452449,1,Safe,0.00654189286006357,4.16410805866053,1.68974935590737
5,20,1,Safe,0.00654039044196253,4.03093823452275,1.6351170891033
5,20.5088902190089,1,Safe,0.00653929969587352,3.93379576218464,1.5953385247594
5,21.7483234842606,1,Safe,0.00653686223852645,3.71586956542846,1.50609178136298
5,23.0626605986532,1,Safe,0.0065345707369957,3.50960208287483,1.42173850034155
5,24.4564282977307,1,Safe,0.00653241609313682,3.31442111236991,1.34202090542195
5,25.9344268855507,1,Safe,0.0065303898136726,3.12992699522641,1.26669361406061
5,27.5017467675107,1,Safe,0.00652848396613948,2.95511606194776,1.19552317874482
5,29.1637859823185,1,Safe,0.00652669113856419,2.79026281288327,1.12828762816301
5,30.926268793488,1,Safe,0.00652500440207149,2.63416753713671,1.06477601096319
5,32.7952654043937,1,Safe,0.00652341727665373,2.48644948936664,1.00478794439832
5,34.7772128647828,1,Safe,0.00652192369969384,2.34719998637116,0.948133169783013
5,36.8789372407512,1,Safe,0.00652051799677977,2.21541944639373,0.894631116356059
5,39.1076771245382,1,Safe,0.0065191948548815,2.09073183161807,0.844110474851924
5,41.4711085651117,1,Safe,0.00651794929751759,1.97314045220066,0.796408781828575
5,43.9773715054059,1,Safe,0.00651677666194672,1.8620901020676,0.751372015575363
5,46.635097817267,1,Safe,0.00651567257772712,1.75707411687928,0.708854204229326
5,49.453441030661,1,Safe,0.00651463294740751,1.65778016470322,0.66871704655901
5,50,1,Safe,0.00651444505987087,1.63979274167647,0.661452712622733
5,52.4421078595347,1,Safe,0.00651365392803527,1.56407366998241,0.630829545728162
5,55.6113916329092,1,Safe,0.00651273191454749,1.47575298051644,0.595067656225524
5,58.9722077463467,1,Safe,0.00651186352401467,1.39228077071624,0.561313944038758
5,62.5361312558894,1,Safe,0.00651104558112792,1.31340069111369,0.529457260059061
5,66.3154367439481,1,Safe,0.00651027510482294,1.2388688718561,0.499392426624382
5,70.3231405944451,1,Safe,0.00650954929557912,1.16845343451276,0.471019937044879
5,74.57304582281,1,Safe,0.00650886552392649,1.10213239658491,0.444245667899267
5,79.0797896152294,1,Safe,0.00650822131960993,1.03958908148154,0.418980603846734
5,83.8588937408818,1,Safe,0.00650761436121527,0.980518102784954,0.395140574662548
5,88.926818010783,1,Safe,0.00650704246718092,0.924731582017393,0.372646004177113
5,94.3010169673599,1,Safe,0.00650650358668514,0.872051267855677,0.351421670776048
5,100,1,Safe,0.00650599579165245,0.822308102560492,0.331396479101485
10,0.3,3,Risky,0.0200457279041544,76.5378953582247,35.8614323379836
10,0.318130185280863,3,Risky,0.0192613277514653,75.4499440520944,35.2179220054558
10,0.337356049289453,3,Risky,0.0185545297043355,74.3278134010091,34.5571832367256
10,0.357743808220246,3,Risky,0.017917270101897,73.1719587456465,33.8798796571132
10,0.37936367997396,3,Risky,0.0173423476489987,71.9831028781874,33.1867854158107
10,0.402290125996486,3,Risky,0.016823329739335,70.7619444013641,32.4787851461753
10,0.426602107733079,3,Risky,0.0163544690330042,69.5094401888149,31.7568724180597
10,0.452383358581104,3,Risky,0.015930629163492,68.2267456729018,31.0221465866384
10,0.479722672277952,3,Risky,0.0155472185707239,66.9151394292284,30.275807977624
10,0.5,3,Risky,0.0152987856907849,65.97314654876,29.7429469615591
10,0.508714208717384,3,Risky,0.0152001315690953,65.5760074140351,29.5191513901431
10,0.539457818247563,3,Risky,0.0148856958552557,64.2112424525914,28.7535579445613
10,0.572059385567691,3,Risky,0.0146006257489617,62.8223674876703,27.9804853514705
10,0.606631194407686,3,Risky,0.0143419805380418,61.4114422443347,27.2014567278013
10,0.643292314246894,3,Risky,0.0141071273665183,59.9806125987666,26.418048134237
10,0.682169010403731,3,Risky,0.0138937081681334,58.5320805200701,25.6318750523642
10,0.723395178908673,3,Risky,0.0136996102009057,57.0681164492643,24.844578057898
10,0.76711280765833,3,Risky,0.0135229397880821,55.5914685508644,24.0578079757818
10,0.813472465438891,3,Risky,0.0133619989139433,54.1044965689742,23.2732108222499
10,0.862633820503182,3,Risky,0.0132152643615413,52.6098847383542,22.4924128469515
10,0.914766190487385,3,Risky,0.0130813691138343,51.11031505508,21.7170059844656
10,0.970049125561403,3,Risky,0.012959085770845,49.6086741660294,20.9485340092302
10,1,3,Risky,0.0128999147432118,48.8304523821624,20.5535125159103
10,1.02867302682129,3,Risky,0.0128473117614902,48.1075482316821,20.1884796619593
10,1.09083980205361,3,Risky,0.0127450561544862,46.6099130542338,19.4382529805465
10,1.15676356113018,3,Risky,0.0126514278931644,45.1183199960638,18.6991810262302
10,1.22667135342832,3,Risky,0.0125656252988904,43.6354434906112,17.9724991487296
10,1.30080394981626,3,Risky,0.0124869267043337,42.1641977538226,17.2593438845911
10,1.37941667189708,3,Risky,0.0124146820937199,40.7066907684721,16.5607475335012
10,1.4627802713671,3,Risky,0.012348305639982,39.2658141795516,15.8776344100332
10,1.55118186251735,3,Risky,0.0122872690414511,37.8435927401022,15.2108187250645
10,1.64492591108987,3,Risky,0.0122310955708294,36.4422353471869,14.5610040133987
10,1.74433528289437,3,Risky,0.0121793547593363,35.0639804291009,13.9287839929429
10,1.84975235579711,3,Risky,0.0121316576467834,33.7105744610599,13.3146447166782
10,1.96154019891149,3,Risky,0.0120876525364366,32.3838262579636,12.7189678617213
10,2,3,Risky,0.0120738484723582,31.9507774070229,12.5259689792493
10,2.0800838230519,3,Risky,0.0120470211998125,31.0852092774073,12.1420349897452
10,2.20579150675742,3,Risky,0.0120094754829303,29.8162179764999,11.5840326093496
10,2.33909620245231,3,Risky,0.0119747542705362,28.5780507014938,11.0450578728625
10,2.48045702758638,3,Risky,0.0119426207694673,27.371609003235,10.5251247466064
10,2.63036084589092,3,Risky,0.0119128600773521,26.1981962401018,10.0241705038995
10,2.78932394419601,3,Risky,0.0118852770053302,25.058005910892,9.5420624030262
10,2.95789381058475,3,Risky,0.0118596941279137,23.9519208374437,9.07860442718339
10,3.13665102000814,3,Risky,0.0118359500353549,22.8803210720055,8.63354397918403
10,3.32621123385532,3,Risky,0.0118138977673965,21.8432964487699,8.20657843976161
10,3.5272273203656,3,Risky,0.0117934034081557,20.8412803705509,7.79736151410448
10,3.74039160318543,3,Risky,0.0117743448259588,19.873932072922,7.40550930629831
10,3.96643824581455,3,Risky,0.0117566105417133,18.9410112111463,7.03060607534132
10,4.20614578015361,3,Risky,0.0117400987131688,18.0427121065832,6.6722096390986
10,4.46033978786196,3,Risky,0.0117247162220835,17.1783280712466,6.32985640384884
10,4.72989574376043,3,Risky,0.0117103778536887,16.3474242598215,6.00306600690065
10,5,3,Risky,0.0116976986409867,15.5915258983339,5.70767098377563
10,5.01574203107223,3,Risky,0.0116970055587373,15.5495625022942,5.6913455681253
10,5.31886313888673,3,Risky,0.0116845277895194,14.7841704243918,5.39419355323032
10,5.64030305285862,3,Risky,0.0116728789018339,14.0505556405995,5.11110325727091
10,5.98116885082043,3,Risky,0.0116619986165034,13.3479201575503,4.84156592138208
10,6.34263451569209,3,Risky,0.0116518315336833,12.6753747225024,4.58507349913562
10,6.72594497881973,3,Risky,0.0116423266949539,12.0325663376438,4.34112109141573
10,7.13242040766936,3,Risky,0.0116334371879034,11.4181550723461,4.10920907039318
10,7.56346075264287,3,Risky,0.0116251197893824,10.8316353384176,3.88884491418359
10,8.02055056867603,3,Risky,0.0116173346423309,10.2716900102673,3.67954477421706
10,8.50526412822478,2,Marginal,0.0116100449644385,9.73806765475707,3.48083479732815
10,9.01927084324942,2,Marginal,0.0116032167836799,9.22940848528433,3.29225222419041
10,9.56434101487073,2,Marginal,0.0115968186991289,8.74484173041827,3.11334628505145
10,10,2,Marginal,0.0115922310802574,8.39261346382964,2.98372790866635
10,10.1423519305006,2,Marginal,0.0115908216642424,8.2835249500821,2.94367891284347
10,10.7552943294462,2,Marginal,0.0115851987899696,7.84459859640516,2.78282529271036
10,11.4052792592565,2,Marginal,0.011579925166334,7.42719214405504,2.63037426585752
10,12.0945453464241,2,Marginal,0.0115749777000218,7.03042969495924,2.48592860443485
10,12.8254665064857,2,Marginal,0.0115703349671747,6.65343505404004,2.34910517294273
10,13.6005601200726,2,Marginal,0.0115659770787246,6.2953362814211,2.21953499042953
10,14.4224957030741,2,Marginal,0.0115618855585353,5.95526973386055,2.09686320655153
10,15.2941041007713,2,Marginal,0.0115580432316875,5.63255279463316,1.98074900340481
10,16.2183872376106,2,Marginal,0.0115544341229779,5.32660561104241,1.87086543392806
10,17.1985284561928,2,Marginal,0.0115510433640509,5.03626043430686,1.76689920662199
10,18.2379034810894,1,Safe,0.0115478571084715,4.76089208244985,1.66855042534029
10,19.3400920452449,1,Safe,0.0115448624543291,4.5001804417148,1.57553229198346
10,20,1,Safe,0.0115432315530128,4.35708978517619,1.52463418024003
10,20.5088902190089,1,Safe,0.0115420473730055,4.25278988465987,1.48757077906902
10,21.7483234842606,1,Safe,0.0115394006443381,4.01880038990441,1.40440427836148
10,23.0626605986532,1,Safe,0.011536911796739,3.7968706701376,1.32578323102003
10,24.4564282977307,1,Safe,0.0115345710525183,3.58704893127166,1.25146974405929
10,25.9344268855507,1,Safe,0.0115323692777025,3.38804315376667,1.18123719731692
10,27.5017467675107,1,Safe,0.0115302979355114,3.20015640165086,1.11486984457565
10,29.1637859823185,1,Safe,0.011528349044081,3.02203736790492,1.05216241199603
10,30.926268793488,1,Safe,0.0115265151372057,2.85367188002474,0.992919696573189
10,32.7952654043937,1,Safe,0.0115247892280834,2.69446541746149,0.936956166935133
10,34.7772128647828,1,Safe,0.0115231647761682,2.54366195237277,0.884095568445957
10,36.8789372407512,1,Safe,0.0115216356564396,2.40131762627499,0.834170534262704
10,39.1076771245382,1,Safe,0.0115201961308387,2.26673451779925,0.787022203715352
10,41.4711085651117,1,Safe,0.0115188408221556,2.13934524287299,0.742499849132358
10,43.9773715054059,1,Safe,0.0115175646896404,2.01894130336757,0.700460512017202
10,46.635097817267,1,Safe,0.011516363006514,1.90540151444093,0.660768649289793
10,49.453441030661,1,Safe,0.0115152313391853,1.79799525219474,0.623295790140816
10,50,1,Safe,0.011515026804112,1.77853273793466,0.616513306235241
10,52.4421078595347,1,Safe,0.0115141655277462,1.69640882756948,0.58792020390014
10,55.6113916329092,1,Safe,0.0115131616682973,1.60034268725645,0.554526579196008
10,58.9722077463467,1,Safe,0.0115122160960013,1.50992477203514,0.523005714571497
10,62.5361312558894,1,Safe,0.0115113253697885,1.42445119112524,0.49325422063221
10,66.3154367439481,1,Safe,0.0115104862579329,1.34365896799707,0.465174233718663
10,70.3231405944451,1,Safe,0.011509695724552,1.2673017094378,0.438673141029653
10,74.57304582281,1,Safe,0.0115089509172961,1.19514490285215,0.413663317065712
10,79.0797896152294,1,Safe,0.0115082491556429,1.12704869596095,0.390061871214243
10,83.8588937408818,1,Safe,0.011507587920061,1.06293101839405,0.367790406258742
10,88.926818010783,1,Safe,0.0115069648420274,1.00236115216323,0.346774787562936
10,94.3010169673599,1,Safe,0.0115063776943991,0.945148415145813,0.326944922654782
10,100,1,Safe,0.0115058243829047,0.891111758830593,0.308234550915714
20,0.3,3,Risky,0.0301834343294516,76.7172309444618,34.0106369543142
20,0.318130185280863,3,Risky,0.0293910878034964,75.6436061292362,33.3998066866139
20,0.337356049289453,3,Risky,0.0286767859009096,74.5366173278353,32.7729423598264
20,0.357743808220246,3,Risky,0.0280324409067845,73.3965706932415,32.1306808680018
20,0.37936367997396,3,Risky,0.0274508287105668,72.2242657143,31.473760435554
20,0.402290125996486,3,Risky,0.0269254950737619,71.0202958210315,30.8030202709877
20,0.426602107733079,3,Risky,0.0264506721536684,69.7856265532719,30.1193988573203
20,0.452383358581104,3,Risky,0.0260212041574626,68.5213476545261,29.4239308025852
20,0.479722672277952,3,Risky,0.0256324811246955,67.2286606984476,28.7177422055394
20,0.5,3,Risky,0.0253804805424274,66.300295821066,28.2137006546427
20,0.508714208717384,3,Risky,0.0252803799459045,65.908937549432,28.0020445282194
20,0.539457818247563,3,Risky,0.0249612118228448,64.563860403076,27.2781270071567
20,0.572059385567691,3,Risky,0.0246716754640275,63.195021370808,26.5473476773501
20,0.606631194407686,3,Risky,0.0244088153852573,61.8042872913743,25.8111231257336
20,0.643292314246894,3,Risky,0.0241699847560817,60.3936767911877,25.070917131901
20,0.682169010403731,3,Risky,0.0239528122924959,58.9652590520113,24.3282283912336
20,0.723395178908673,3,Risky,0.0237551727530949,57.5214415856596,23.5845775473683
20,0.76711280765833,3,Risky,0.0235751606429346,56.0643390562591,22.8414937854388
20,0.813472465438891,3,Risky,0.0234110667740239,54.5966560805718,22.100501253332
20,0.862633820503182,3,Risky,0.0232613573694351,53.1207463328092,21.363105584448
20,0.914766190487385,3,Risky,0.0231246554321629,51.6393268712294,20.6307807917623
20,0.970049125561403,3,Risky,0.0229997241318003,50.1549153173512,19.9049567895834
20,1,3,Risky,0.0229392403461048,49.3853318758922,19.5318297203067
20,1.02867302682129,3,Risky,0.0228854519871646,48.6701220098708,19.1870077770353
20,1.09083980205361,3,Risky,0.0227808396493678,47.1876019313415,18.4782416872374
20,1.15676356113018,3,Risky,0.022684988110484,45.710100865233,17.779890870032
20,1.22667135342832,3,Risky,0.0225970881817261,44.240212148067,17.0931041358362
20,1.30080394981626,3,Risky,0.0225164111029486,42.7803428194284,16.4189402457797
20,1.37941667189708,3,Risky,0.0224423001604279,41.3330124324758,15.7583628907292
20,1.4627802713671,3,Risky,0.0223741632024144,39.9005247248149,15.1122371609315
20,1.55118186251735,3,Risky,0.0223114659555179,38.4853551322272,14.48132747042
20,1.64492591108987,3,Risky,0.0222537260544797,37.0896126194224,13.8662968672601
20,1.74433528289437,3,Risky,0.0222005077079679,35.7153370956604,13.2677076330665
20,1.84975235579711,3,Risky,0.0221514169313508,34.3641629736201,12.6860230534851
20,1.96154019891149,3,Risky,0.0221060972851284,33.0382572706617,12.1216102256697
20,2,3,Risky,0.0220918748794219,32.6051790484712,11.9386933303031
20,2.0800838230519,3,Risky,0.0220642260642911,31.7388837797339,11.5747437590148
20,2.20579150675742,3,Risky,0.022025510889776,30.4675998422965,11.045610221125
20,2.33909620245231,3,Risky,0.0219896866586211,29.2256849020637,10.5343131815829
20,2.48045702758638,3,Risky,0.0219565128145227,28.0141374352483,10.0408787107978
20,2.63036084589092,3,Risky,0.0219257709037812,26.8341771091568,9.56526119927285
20,2.78932394419601,3,Risky,0.0218972623862967,25.6862297819542,9.10734937320781
20,2.95789381058475,3,Risky,0.0218708066742934,24.5713850505004,8.66697239469627
20,3.13665102000814,3,Risky,0.0218462393742413,23.4897831192596,8.24390594816315
20,3.32621123385532,3,Risky,0.0218234107104109,22.4418263794069,7.83787822851526
20,3.5272273203656,3,Risky,0.0218021841105909,21.4276881392294,7.44857576022012
20,3.74039160318543,3,Risky,0.0217824349367746,20.4475882762309,7.07564898978013
20,3.96643824581455,3,Risky,0.021764049345343,19.5014915007826,6.71871760651386
20,4.20614578015361,3,Risky,0.0217469232632794,18.5889509697208,6.37737555797841
20,4.46033978786196,3,Risky,0.0217309614677497,17.7100249174896,6.05119573662538
20,4.72989574376043,3,Risky,0.0217160767585867,16.8642792386448,5.73973432331175
20,5,3,Risky,0.0217029091397336,16.0938785858395,5.45810218768778
20,5.01574203107223,3,Risky,0.0217021892135882,16.051144779528,5.44253478107235
20,5.31886313888673,3,Risky,0.0216892255181733,15.270161515646,5.15913149913564
20,5.64030305285862,3,Risky,0.0216771183615094,14.5207444020655,4.88905309259216
20,5.98116885082043,3,Risky,0.0216658058920771,13.8021967725339,4.63182536749276
20,6.34263451569209,3,Risky,0.0216552312270579,13.1137502038098,4.38697396456203
20,6.72594497881973,3,Risky,0.021645342009009,12.4551405071481,4.15402669726815
20,7.13242040766936,3,Risky,0.0216360900061474,11.8249353060569,3.93251560180323
20,7.56346075264287,3,Risky,0.0216274307504349,11.2227572655159,3.7219787177043
20,8.02055056867603,3,Risky,0.0216193232110129,10.6473927265069,3.52196161848399
20,8.50526412822478,3,Risky,0.0216117294981188,10.098548513571,3.33201871183604
20,9.01927084324942,2,Marginal,0.0216046145953186,9.57485184660372,3.15171432881797
20,9.56434101487073,2,Marginal,0.0215979461166071,9.07553229195981,2.98062362096448
20,10,2,Marginal,0.0215931635672462,8.7124338323234,2.85664402619
20,10.1423519305006,2,Marginal,0.021591694086176,8.59978980469588,2.81833328361996
20,10.7552943294462,2,Marginal,0.0215858307387506,8.14690520484828,2.66444212294883
20,11.4052792592565,2,Marginal,0.0215803303377271,7.71586431903965,2.51856148313956
20,12.0945453464241,2,Marginal,0.0215751690103261,7.3057825504792,2.38031554930129
20,12.8254665064857,2,Marginal,0.0215703245973842,6.9159213788317,2.24934154049291
20,13.6005601200726,2,Marginal,0.0215657765164323,6.54547742837456,2.12528980625186
20,14.4224957030741,2,Marginal,0.0215615056372975,6.19353659644252,2.00782383892393
20,15.2941041007713,2,Marginal,0.0215574941683272,5.85925547427787,1.8966202130523
20,16.2183872376106,2,Marginal,0.0215537255525433,5.5418020469067,1.79136846207828
20,17.1985284561928,2,Marginal,0.0215501843729982,5.24073004154367,1.6917709016432
20,18.2379034810894,1,Safe,0.0215468562658394,4.95519291749282,1.59754240787203
20,19.3400920452449,1,Safe,0.0215437278411557,4.68415528364909,1.5084101581635
20,20,1,Safe,0.0215420239033293,4.5358152362816,1.45963376939093
20,20.5088902190089,1,Safe,0.0215407866102169,4.42751927720572,1.42411334121437
20,21.7483234842606,1,Safe,0.0215380209187543,4.1841130798978,1.34440284226646
20,23.0626605986532,1,Safe,0.0215354198858719,3.95355954147784,1.26904090888327
20,24.4564282977307,1,Safe,0.0215329733479663,3.73514755023378,1.1978008019378
20,25.9344268855507,1,Safe,0.0215306718068575,3.52835354869667,1.13046643592244
20,27.5017467675107,1,Safe,0.0215285063825732,3.33245219605613,1.06683201217224
20,29.1637859823185,1,Safe,0.0215264687694372,3.14723230360158,1.00670164812269
20,30.926268793488,1,Safe,0.0215245511958884,2.97162102674532,0.949889005298672
20,32.7952654043937,1,Safe,0.0215227463872125,2.80583535305401,0.896216918349872
20,34.7772128647828,1,Safe,0.0215210475312944,2.64883710358179,0.845517027105466
20,36.8789372407512,1,Safe,0.0215194482469627,2.50011809374977,0.797629413315974
20,39.1076771245382,1,Safe,0.0215179425547163,2.35991016735281,0.752402243478343
20,41.4711085651117,1,Safe,0.0215165248495452,2.22715546312662,0.709691418899013
20,43.9773715054059,1,Safe,0.0215151898759025,2.10148560880109,0.669360233936814
20,46.635097817267,1,Safe,0.0215139327045222,1.98286552595378,0.631279043179774
20,49.453441030661,1,Safe,0.021512748710677,1.87084010678293,0.595324938145154
20,50,1,Safe,0.0215125347108724,1.85053748376136,0.588817150003848
20,52.4421078595347,1,Safe,0.0215116335544607,1.76485817546312,0.561381433948043
20,55.6113916329092,1,Safe,0.0215105831619589,1.66461149409846,0.529338166258327
20,58.9722077463467,1,Safe,0.021509593708231,1.56994179123976,0.499090598757192
20,62.5361312558894,1,Safe,0.0215086616010751,1.48070865241229,0.470539741210686
20,66.3154367439481,1,Safe,0.0215077834663191,1.39634572404491,0.443591878197182
20,70.3231405944451,1,Safe,0.0215069561337167,1.31659849933874,0.41815830845718
20,74.57304582281,1,Safe,0.0215061766242286,1.24122454656979,0.394155094775805
20,79.0797896152294,1,Safe,0.0215054421378014,1.16999307080803,0.37150282425948
20,83.8588937408818,1,Safe,0.0215047500422827,1.10287940716116,0.350126378827937
20,88.926818010783,1,Safe,0.0215040978628167,1.03957779917922,0.329954715709256
20,94.3010169673599,1,Safe,0.0215034832721983,0.979776059686556,0.310920657698531
20,100,1,Safe,0.0215029040815651,0.923286379877518,0.292960692919848
