Rf_ohm,Cpd_F,ft_Hz,selected_Cf_F,best_peaking_dB,bandwidth_Hz,phase_at_bandwidth_deg,classification,classification_code
10000,1e-12,1000000,1e-13,1.78799812881671e-10,1066012.91566857,-49.3376359362177,Safe,1
10000,1e-12,1125335.58260076,1e-13,1.38649074484992e-10,1209440.99329576,-49.9389165996359,Safe,1
10000,1e-12,1266380.1734674,1e-13,1.07225499660331e-10,1373620.8308767,-50.6322256788803,Safe,1
10000,1e-12,1425102.670303,1e-13,8.26640790874875e-11,1561613.45347523,-51.4276577191763,Safe,1
10000,1e-12,1603718.74375133,1e-13,6.34932490525695e-11,1777744.02081191,-52.3514203824522,Safe,1
10000,1e-12,1804721.76682717,1e-13,4.85519592858892e-11,2026568.06697438,-53.4229715615031,Safe,1
10000,1e-12,2030917.62090473,1e-13,3.69298846590462e-11,2313423.93070655,-54.666279689292,Safe,1
10000,1e-12,2285463.86413499,1e-13,2.79134228468066e-11,2645186.40338074,-56.117306891931,Safe,1
10000,1e-12,2571913.80905935,1e-13,2.09336206439135e-11,3028855.1750371,-57.8055268064023,Safe,1
10000,1e-12,2894266.12471675,1e-13,1.5543030105892e-11,3473191.26062247,-59.7732010482702,Safe,1
10000,1e-12,3257020.65565978,1e-13,1.13964219997193e-11,3987760.02649144,-62.0632986565016,Safe,1
10000,1e-12,3665241.23707963,1e-13,8.21799866996323e-12,4580312.2570182,-64.6988199099033,Safe,1
10000,1e-12,4124626.38290135,1e-13,5.79753672891643e-12,5260574.73334292,-67.7152859024121,Safe,1
10000,1e-12,4641588.83361278,1e-13,3.96338588753311e-12,6034828.78731694,-71.1162616932079,Safe,1
10000,1e-12,5223345.07426684,1e-13,2.58246895542932e-12,6902777.55394085,-74.8536874770556,Safe,1
10000,1e-12,5878016.07227491,1e-13,1.55449587608376e-12,7866118.58243956,-78.8923970828335,Safe,1
10000,1e-12,6614740.64123015,1e-13,7.96534487372979e-13,8916027.35247492,-83.1210266768305,Safe,1
10000,1e-12,7443803.0132517,1e-13,2.46867831437638e-13,10045751.1377996,-87.4466775376526,Safe,1
10000,1e-12,8376776.40068292,4.64158883361277e-13,2.12152042641723e-14,9518773.70228097,-89.7997600556739,Safe,1
10000,1e-12,9426684.55117885,7.4438030132517e-13,2.12152042641723e-14,9250214.11693805,-89.7916520683373,Safe,1
10000,1e-12,10608183.5513945,9.42668455117885e-13,1.11861986120181e-13,9210653.01963757,-89.0334336973947,Safe,1
10000,1e-12,11937766.4171444,1.06081835513945e-12,1.89008183444442e-13,9396822.42488836,-88.2883319486501,Safe,1
10000,1e-12,13433993.325989,1.06081835513945e-12,1.2921988051814e-13,10020260.1348646,-88.6937268658706,Safe,1
10000,1e-12,15117750.7061566,1.06081835513945e-12,1.04147366387754e-13,10645973.1370521,-88.8140661572725,Safe,1
10000,1e-12,17012542.7985259,1.06081835513945e-12,1.00290056521541e-13,11271196.1637418,-88.6592462599863,Safe,1
10000,1e-12,19144819.7616996,1.06081835513945e-12,1.2343391571882e-13,11888299.8026255,-88.2124178525933,Safe,1
10000,1e-12,21544346.9003188,1.06081835513945e-12,1.56221049581631e-13,12492904.7435407,-87.4880771674617,Safe,1
10000,1e-12,24244620.1708233,9.42668455117885e-13,7.71461973242629e-15,14072015.4032645,-89.8762757977021,Safe,1
10000,1e-12,27283333.7648677,9.42668455117885e-13,5.01450282607708e-14,14745609.8581406,-88.8959801175905,Safe,1
10000,1e-12,30702906.2975785,9.42668455117885e-13,9.64327466553282e-14,15389002.4976905,-87.6290794679513,Safe,1
10000,1e-12,34551072.9459222,9.42668455117885e-13,1.44649119982992e-13,16000960.0572453,-86.1278698163274,Safe,1
10000,1e-12,38881551.8030809,8.37677640068292e-13,4.24304085283445e-14,18043133.9747191,-88.6538876717192,Safe,1
10000,1e-12,43754793.7507418,8.37677640068292e-13,8.29321621235823e-14,18705102.884403,-86.890788758862,Safe,1
10000,1e-12,49238826.3170674,7.4438030132517e-13,1.3500584531746e-14,21079362.9168392,-89.5568242629536,Safe,1
10000,1e-12,55410203.3000949,7.4438030132517e-13,5.01450282607708e-14,21794509.32611,-87.5503846416883,Safe,1
10000,1e-12,62355073.4127391,7.4438030132517e-13,8.48608170566889e-14,22438309.2142505,-85.3344424970236,Safe,1
10000,1e-12,70170382.8670384,6.61474064123016e-13,3.08584789297051e-14,25320077.7627639,-88.1269368439674,Safe,1
10000,1e-12,78965228.6849973,6.61474064123016e-13,6.17169578594101e-14,26002809.3624329,-85.6963130594111,Safe,1
10000,1e-12,88862381.6274341,5.87801607227492e-13,1.3500584531746e-14,29335062.7096164,-88.6269915867269,Safe,1
10000,1e-12,100000000,5.87801607227492e-13,3.85730986621314e-14,30056416.8309327,-85.9961165937768,Safe,1
10000,5e-12,1000000,1e-13,7.60102195683306e-11,1340580.47657034,-72.5487780368217,Safe,1
10000,5e-12,1125335.58260076,1e-13,4.73099055089754e-11,1537348.42313274,-76.6307897220494,Safe,1
10000,5e-12,1266380.1734674,1e-13,2.606191411103e-11,1754746.52615159,-81.0153039973133,Safe,1
10000,5e-12,1425102.670303,1e-13,1.05362418995548e-11,1991260.95501767,-85.6031673356391,Safe,1
10000,5e-12,1603718.74375133,9.42668455117885e-13,1.08004676253967e-13,2071089.60851051,-89.9466263676469,Safe,1
10000,5e-12,1804721.76682717,3.45510729459222e-12,1.2285531923888e-12,1833483.29765414,-89.5768052377473,Safe,1
10000,5e-12,2030917.62090473,4.37547937507418e-12,1.76857657365855e-12,1842917.94355898,-89.3971486192772,Safe,1
10000,5e-12,2285463.86413499,4.92388263170673e-12,2.50339410317197e-12,1892949.2550767,-89.0925357350816,Safe,1
10000,5e-12,2571913.80905935,4.92388263170673e-12,5.30380106604292e-13,2025312.78858629,-89.7752519848765,Safe,1
10000,5e-12,2894266.12471675,5.5410203300095e-12,4.80620809330025e-12,2037088.41784131,-87.9576494056687,Safe,1
10000,5e-12,3257020.65565978,5.5410203300095e-12,4.61527125492281e-12,2156574.27256977,-87.8007697674326,Safe,1
10000,5e-12,3665241.23707963,5.5410203300095e-12,4.95278586821627e-12,2274868.35039608,-87.3705934481334,Safe,1
10000,5e-12,4124626.38290135,4.92388263170673e-12,4.41661979681394e-13,2562612.48867227,-89.706080272252,Safe,1
10000,5e-12,4641588.83361278,4.92388263170673e-12,1.38477424197041e-12,2693808.35510009,-88.9799199963187,Safe,1
10000,5e-12,5223345.07426684,4.92388263170673e-12,2.46867831437606e-12,2821504.9798335,-87.9869551868107,Safe,1
10000,5e-12,5878016.07227491,4.92388263170673e-12,3.63165723903892e-12,2944102.64052498,-86.7354767795008,Safe,1
10000,5e-12,6614740.64123015,4.37547937507418e-12,7.05887705516977e-13,3318192.97137967,-89.2111862726368,Safe,1
10000,5e-12,7443803.0132517,4.37547937507418e-12,1.88236721471181e-12,3452424.55972206,-87.6998438940017,Safe,1
10000,5e-12,8376776.40068292,4.37547937507418e-12,3.03377420977611e-12,3577012.89699082,-85.9362327035998,Safe,1
10000,5e-12,9426684.55117885,3.88815518030809e-12,8.7560933963034e-13,4034075.841785,-88.5449461188975,Safe,1
10000,5e-12,10608183.5513945,3.88815518030809e-12,1.9112970387084e-12,4168607.12089212,-86.5465687981874,Safe,1
10000,5e-12,11937766.4171444,3.45510729459222e-12,3.12442099163259e-13,4699192.70197758,-89.2989107310631,Safe,1
10000,5e-12,13433993.325989,3.45510729459222e-12,1.20540933319153e-12,4843674.96064155,-87.0726078385468,Safe,1
10000,5e-12,15117750.7061566,3.07029062975785e-12,7.71461973242629e-15,5457805.86616815,-89.9640205419798,Safe,1
10000,5e-12,17012542.7985259,3.07029062975785e-12,7.6374735351017e-13,5612348.01970964,-87.5210166032185,Safe,1
10000,5e-12,19144819.7616996,3.07029062975785e-12,1.45613447449534e-12,5744991.69181463,-84.895335577339,Safe,1
10000,5e-12,21544346.9003188,2.72833337648677e-12,4.86021043142843e-13,6486190.02693409,-87.901702056444,Safe,1
10000,5e-12,24244620.1708233,2.72833337648677e-12,1.05883155827544e-12,6624745.01425354,-85.0915012856246,Safe,1
10000,5e-12,27283333.7648677,2.42446201708233e-12,3.08584789297046e-13,7478474.3920534,-88.2270302616355,Safe,1
10000,5e-12,30702906.2975785,2.42446201708233e-12,7.77247938041915e-13,7620983.28337003,-85.2317662126243,Safe,1
10000,5e-12,34551072.9459222,2.15443469003189e-12,1.98651458109975e-13,8603403.13355695,-88.5012222527149,Safe,1
10000,5e-12,38881551.8030809,2.15443469003189e-12,5.78596479931953e-13,8748195.73735704,-85.3279057806839,Safe,1
10000,5e-12,43754793.7507418,1.91448197616996e-12,1.27291225585033e-13,9874829.90530778,-88.7120394568605,Safe,1
10000,5e-12,49238826.3170674,1.91448197616996e-12,4.32018705015862e-13,10025348.7627235,-85.4090099553023,Safe,1
10000,5e-12,55410203.3000949,1.70125427985259e-12,8.29321621235823e-14,11315428.1225365,-88.9033889215589,Safe,1
10000,5e-12,62355073.4127391,1.70125427985259e-12,3.27871338628111e-13,11465442.5625117,-85.443818297664,Safe,1
10000,5e-12,70170382.8670384,1.51177507061566e-12,5.59309930600905e-14,12941614.4329643,-89.0503847482108,Safe,1
10000,5e-12,78965228.6849973,1.51177507061566e-12,2.54582451170064e-13,13094797.5082865,-85.4763117470621,Safe,1
10000,5e-12,88862381.6274341,1.3433993325989e-12,3.85730986621314e-14,14779656.1028753,-89.1788749613753,Safe,1
10000,5e-12,100000000,1.3433993325989e-12,1.92865493310655e-13,14929632.8054245,-85.4732457028617,Safe,1
10000,1e-11,1000000,8.88623816274341e-12,1.12710594290675e-11,907355.381156923,-89.0663974145736,Safe,1
10000,1e-11,1125335.58260076,1e-11,1.38593143492928e-11,932040.647539082,-88.7864776378823,Safe,1
10000,1e-11,1266380.1734674,1e-11,5.32308761537251e-12,997150.478781509,-89.459043430456,Safe,1
10000,1e-11,1425102.670303,1e-11,1.10511927667e-12,1063075.0754691,-89.8590864416037,Safe,1
10000,1e-11,1603718.74375133,1e-11,7.71461973242629e-15,1129436.94684074,-89.9814380175982,Safe,1
10000,1e-11,1804721.76682717,1e-11,1.13019179080038e-12,1195783.72499761,-89.8231429626681,Safe,1
10000,1e-11,2030917.62090473,1e-11,3.78016366888806e-12,1261664.52761523,-89.3889788695066,Safe,1
10000,1e-11,2285463.86413499,1e-11,7.44460804178819e-12,1326325.72979544,-88.672543768084,Safe,1
10000,1e-11,2571913.80905935,1e-11,1.17320079580794e-11,1388962.03635839,-87.6742391419806,Safe,1
10000,1e-11,2894266.12471675,1e-11,1.63569224876615e-11,1449246.05698583,-86.4289791273935,Safe,1
10000,1e-11,3257020.65565978,8.88623816274341e-12,4.12925021178019e-12,1633783.88843425,-88.885916500951,Safe,1
10000,1e-11,3665241.23707963,8.88623816274341e-12,8.86409807255329e-12,1699424.63890745,-87.3666589321203,Safe,1
10000,1e-11,4124626.38290135,7.89652286849973e-12,5.7859647993197e-14,1914408.18573526,-89.9652755437766,Safe,1
10000,1e-11,4641588.83361278,7.89652286849973e-12,4.47255078987299e-12,1985968.22150617,-88.1962222743152,Safe,1
10000,1e-11,5223345.07426684,7.89652286849973e-12,8.64230275524626e-12,2051801.83784122,-86.2009181413449,Safe,1
10000,1e-11,5878016.07227491,7.01703828670384e-12,1.95372744723674e-12,2313635.4810359,-88.9339812845809,Safe,1
10000,1e-11,6614740.64123015,7.01703828670384e-12,5.57574141160932e-12,2384185.69993176,-86.7092751843475,Safe,1
10000,1e-11,7443803.0132517,6.23550734127393e-12,5.55452620734676e-13,2687355.2028973,-89.5821818199058,Safe,1
10000,1e-11,8376776.40068292,6.23550734127393e-12,3.63165723903892e-12,2762628.79682593,-87.1394079463563,Safe,1
10000,1e-11,9426684.55117885,6.23550734127393e-12,6.43206420190804e-12,2826979.96906325,-84.5154659999904,Safe,1
10000,1e-11,10608183.5513945,5.5410203300095e-12,2.38188884238629e-12,3192808.09812016,-87.5012873985979,Safe,1
10000,1e-11,11937766.4171444,5.5410203300095e-12,4.69627476211324e-12,3259779.4706284,-84.6924256544575,Safe,1
10000,1e-11,13433993.325989,4.92388263170673e-12,1.57763973528103e-12,3681240.96220341,-87.8073428364616,Safe,1
10000,1e-11,15117750.7061566,4.92388263170673e-12,3.47350753452425e-12,3750342.42834533,-84.8232239585458,Safe,1
10000,1e-11,17012542.7985259,4.37547937507418e-12,1.05883155827544e-12,4235433.32879311,-88.071594208421,Safe,1
10000,1e-11,19144819.7616996,4.37547937507418e-12,2.59211223009485e-12,4304788.26955061,-84.9002323758849,Safe,1
10000,1e-11,21544346.9003188,3.88815518030809e-12,7.17459635115616e-13,4861362.39962985,-88.2659587899672,Safe,1
10000,1e-11,24244620.1708233,3.88815518030809e-12,1.95372744723674e-12,4932901.72403878,-84.9621809099142,Safe,1
10000,1e-11,27283333.7648677,3.45510729459222e-12,4.95664317808375e-13,5570288.64992481,-88.4374729835532,Safe,1
10000,1e-11,30702906.2975785,3.45510729459222e-12,1.48506429849194e-12,5641814.73063056,-84.9879848881743,Safe,1
10000,1e-11,34551072.9459222,3.07029062975785e-12,3.43300578092963e-13,6371490.4507683,-88.5779035300986,Safe,1
10000,1e-11,38881551.8030809,3.07029062975785e-12,1.1379064105328e-12,6443003.2291707,-85.0019261815463,Safe,1
10000,1e-11,43754793.7507418,2.72833337648677e-12,2.41081866638318e-13,7275853.37343661,-88.6866496009572,Safe,1
10000,1e-11,49238826.3170674,2.72833337648677e-12,8.73680684697234e-13,7346085.55127374,-84.9905054914584,Safe,1
10000,1e-11,55410203.3000949,2.42446201708233e-12,1.7357894397959e-13,8296642.82869528,-88.7752988940271,Safe,1
10000,1e-11,62355073.4127391,2.42446201708233e-12,6.76957881520381e-13,8366878.70615982,-84.9865626468858,Safe,1
10000,1e-11,70170382.8670384,2.15443469003189e-12,1.2921988051814e-13,9449221.32580901,-88.8548187676009,Safe,1
10000,1e-11,78965228.6849973,2.15443469003189e-12,5.28451451671185e-13,9514388.49952588,-84.948104047,Safe,1
10000,1e-11,88862381.6274341,1.91448197616996e-12,9.25754367891151e-14,10746156.7159691,-88.8994298598013,Safe,1
10000,1e-11,100000000,1.91448197616996e-12,4.10803500751691e-13,10809127.6630044,-84.9151236122738,Safe,1
10000,2e-11,1000000,1e-11,0.400107793219506,842911.485854599,-103.877098607415,Safe,1
10000,2e-11,1125335.58260076,1e-11,0.448073131172216,901297.619609446,-104.773754603252,Safe,1
10000,2e-11,1266380.1734674,1e-11,0.483247838219709,961457.92379778,-105.415320431453,Safe,1
10000,2e-11,1425102.670303,1e-11,0.504879419814621,1023122.26209428,-105.776675751873,Safe,1
10000,2e-11,1603718.74375133,1e-11,0.511438174117688,1086375.88981125,-105.887019494686,Safe,1
10000,2e-11,1804721.76682717,1e-11,0.502924243741453,1151044.4296489,-105.745453229846,Safe,1
10000,2e-11,2030917.62090473,1e-11,0.479284932524789,1216832.26460847,-105.344779061054,Safe,1
10000,2e-11,2285463.86413499,1e-11,0.442520293285255,1283264.85932052,-104.668823991213,Safe,1
10000,2e-11,2571913.80905935,1e-11,0.393110525969166,1350171.40061256,-103.74304291617,Safe,1
10000,2e-11,2894266.12471675,1e-11,0.33338668443775,1417201.49543281,-102.580006758883,Safe,1
10000,2e-11,3257020.65565978,1e-11,0.266816268971127,1483124.5475391,-101.128896210642,Safe,1
10000,2e-11,3665241.23707963,1e-11,0.196680931319748,1547913.71286846,-99.4504601286471,Safe,1
10000,2e-11,4124626.38290135,1e-11,0.127923727182364,1609833.03337551,-97.4882532974331,Safe,1
10000,2e-11,4641588.83361278,1e-11,0.0666509286226192,1668506.95037007,-95.2956432434561,Safe,1
10000,2e-11,5223345.07426684,1e-11,0.0206321824163169,1722599.60434468,-92.8702226528348,Safe,1
10000,2e-11,5878016.07227491,1e-11,0.000154165626918061,1770801.07222736,-90.2250631729599,Safe,1
10000,2e-11,6614740.64123015,1e-11,7.71269107748977e-12,1812007.71598691,-87.3913749675574,Safe,1
10000,2e-11,7443803.0132517,1e-11,1.53790944365782e-11,1845498.74813784,-84.4180801852222,Safe,1
10000,2e-11,8376776.40068292,8.88623816274341e-12,5.31344434070699e-12,2084748.95171372,-87.6360109163677,Safe,1
10000,2e-11,9426684.55117885,8.88623816274341e-12,1.15333564999697e-11,2118203.14670415,-84.4762514882386,Safe,1
10000,2e-11,10608183.5513945,7.89652286849973e-12,3.71458940116247e-12,2393135.084014,-87.8232373821634,Safe,1
10000,2e-11,11937766.4171444,7.89652286849973e-12,8.72523491736976e-12,2427093.27614943,-84.5191932724825,Safe,1
10000,2e-11,13433993.325989,7.01703828670384e-12,2.63068532875697e-12,2741976.61777181,-87.9750531090136,Safe,1
10000,2e-11,15117750.7061566,7.01703828670384e-12,6.65193086428203e-12,2776038.53746469,-84.5356776343485,Safe,1
10000,2e-11,17012542.7985259,6.23550734127393e-12,1.88815317951113e-12,3136685.03858085,-88.1084975027069,Safe,1
10000,2e-11,19144819.7616996,6.23550734127393e-12,5.10129229806539e-12,3169972.00290641,-84.5312876756248,Safe,1
10000,2e-11,21544346.9003188,5.5410203300095e-12,1.37513096730488e-12,3581620.83867706,-88.1977258389145,Safe,1
10000,2e-11,24244620.1708233,5.5410203300095e-12,3.93831337340273e-12,3614416.00779167,-84.5112269419298,Safe,1
10000,2e-11,27283333.7648677,4.92388263170673e-12,1.01254383988089e-12,4084438.99528088,-88.2798632912593,Safe,1
10000,2e-11,30702906.2975785,4.92388263170673e-12,3.05306075910717e-12,4116343.9613536,-84.4914216068708,Safe,1
10000,2e-11,34551072.9459222,4.37547937507418e-12,7.54104078844638e-13,4651402.90657506,-88.3401646017302,Safe,1
10000,2e-11,38881551.8030809,4.37547937507418e-12,2.37224556772076e-12,4680883.53371984,-84.4436473381648,Safe,1
10000,2e-11,43754793.7507418,3.88815518030809e-12,5.63167240467101e-13,5290136.77740664,-88.3789471884187,Safe,1
10000,2e-11,49238826.3170674,3.88815518030809e-12,1.85343739071522e-12,5317960.2791376,-84.4032675905394,Safe,1
10000,2e-11,55410203.3000949,3.45510729459222e-12,4.32018705015862e-13,6011086.34985753,-88.4204408555094,Safe,1
10000,2e-11,62355073.4127391,3.45510729459222e-12,1.45227716462913e-12,6036543.53027341,-84.3687352230346,Safe,1
10000,2e-11,70170382.8670384,3.07029062975785e-12,3.27871338628111e-13,6823111.46982323,-88.448106944132,Safe,1
10000,2e-11,78965228.6849973,3.07029062975785e-12,1.1359777555997e-12,6844147.41460135,-84.3135231923808,Safe,1
10000,2e-11,88862381.6274341,2.72833337648677e-12,2.52653796236958e-13,7736683.06034336,-88.4567292966277,Safe,1
10000,2e-11,100000000,2.72833337648677e-12,8.92967234028298e-13,7753953.74275341,-84.2620072313287,Safe,1
100000,1e-12,1000000,8.37677640068292e-13,4.17168062030852e-12,926379.400793865,-89.6307803714514,Safe,1
100000,1e-12,1125335.58260076,9.42668455117885e-13,4.86792505115963e-12,954782.015524249,-89.5456463941761,Safe,1
100000,1e-12,1266380.1734674,1.06081835513945e-12,1.54427400493706e-11,970671.395996098,-88.5160800988565,Safe,1
100000,1e-12,1425102.670303,1.06081835513945e-12,1.12228430557399e-11,1033152.81339171,-88.7779192565499,Safe,1
100000,1e-12,1603718.74375133,1.06081835513945e-12,1.01254383988036e-11,1095735.44190288,-88.7598393313808,Safe,1
100000,1e-12,1804721.76682717,1.06081835513945e-12,1.12517728797365e-11,1157973.96159744,-88.4627816048063,Safe,1
100000,1e-12,2030917.62090473,1.06081835513945e-12,1.39017447578211e-11,1219436.47851785,-87.8956997400396,Safe,1
100000,1e-12,2285463.86413499,1.06081835513945e-12,1.75642604757838e-11,1278931.43723567,-87.0289667401517,Safe,1
100000,1e-12,2571913.80905935,9.42668455117885e-13,2.74254731487712e-12,1441080.78717851,-89.416140888062,Safe,1
100000,1e-12,2894266.12471675,9.42668455117885e-13,7.36746184446399e-12,1507150.72933382,-88.2966933750995,Safe,1
100000,1e-12,3257020.65565978,9.42668455117885e-13,1.21196675996333e-11,1569912.2287276,-86.9052836781679,Safe,1
100000,1e-12,3665241.23707963,8.37677640068292e-13,1.76279060885923e-12,1769152.08667661,-89.4324949854679,Safe,1
100000,1e-12,4124626.38290135,8.37677640068292e-13,6.36841858911557e-12,1838025.37138284,-87.8005885468099,Safe,1
100000,1e-12,4641588.83361278,8.37677640068292e-13,1.07811810760591e-11,1901695.56581171,-85.9298568641052,Safe,1
100000,1e-12,5223345.07426684,7.4438030132517e-13,3.03184555484301e-12,2144708.14085889,-88.588779845908,Safe,1
100000,1e-12,5878016.07227491,7.4438030132517e-13,6.93737179438158e-12,2212806.48266114,-86.4732740457829,Safe,1
100000,1e-12,6614740.64123015,6.61474064123016e-13,1.14947834013144e-12,2494590.1584973,-89.27462953855,Safe,1
100000,1e-12,7443803.0132517,6.61474064123016e-13,4.49183733920405e-12,2567562.25122102,-86.9405794081594,Safe,1
100000,1e-12,8376776.40068292,5.87801607227492e-13,1.31148535451246e-13,2893408.72642793,-89.880157796341,Safe,1
100000,1e-12,9426684.55117885,5.87801607227492e-13,2.9334841532546e-12,2971345.19845872,-87.3401189092197,Safe,1
100000,1e-12,10608183.5513945,5.87801607227492e-13,5.48895193961958e-12,3036663.5527567,-84.6125232683578,Safe,1
100000,1e-12,11937766.4171444,5.22334507426683e-13,1.93636955283878e-12,3429764.13913887,-87.6707852468027,Safe,1
100000,1e-12,13433993.325989,5.22334507426683e-13,4.03088881019181e-12,3497019.63330457,-84.7552946679511,Safe,1
100000,1e-12,15117750.7061566,4.64158883361277e-13,1.2902701502482e-12,3949311.38482382,-87.9382818294733,Safe,1
100000,1e-12,17012542.7985259,4.64158883361277e-13,2.9971297660471e-12,4018916.31449721,-84.8642060783595,Safe,1
100000,1e-12,19144819.7616996,4.12462638290135e-13,8.67894719897915e-13,4538316.50108617,-88.1666185643762,Safe,1
100000,1e-12,21544346.9003188,4.12462638290135e-13,2.24688299706887e-12,4609552.09028412,-84.9398884283054,Safe,1
100000,1e-12,24244620.1708233,3.66524123707963e-13,5.94025719396805e-13,5205812.78448072,-88.368791042746,Safe,1
100000,1e-12,27283333.7648677,3.66524123707963e-13,1.69914499606673e-12,5276252.80747406,-84.9736472514941,Safe,1
100000,1e-12,30702906.2975785,3.25702065565978e-13,4.10803500751691e-13,5958310.62348423,-88.5065396979959,Safe,1
100000,1e-12,34551072.9459222,3.25702065565978e-13,1.29605611504752e-12,6030925.65296327,-85.0046841297621,Safe,1
100000,1e-12,38881551.8030809,2.89426612471675e-13,2.89298239965981e-13,6810795.00234799,-88.644644686121,Safe,1
100000,1e-12,43754793.7507418,2.89426612471675e-13,9.99043255349148e-13,6880674.64210542,-84.9951153765396,Safe,1
100000,1e-12,49238826.3170674,2.57191380905935e-13,2.04437422909294e-13,7770541.45826737,-88.7303451814949,Safe,1
100000,1e-12,55410203.3000949,2.57191380905935e-13,7.71461973242595e-13,7840899.48032987,-84.9877565915718,Safe,1
100000,1e-12,62355073.4127391,2.28546386413499e-13,1.48506429849205e-13,8856046.27169211,-88.8211155646796,Safe,1
100000,1e-12,70170382.8670384,2.28546386413499e-13,5.97883029263017e-13,8923363.20392726,-84.967157285054,Safe,1
100000,1e-12,78965228.6849973,2.03091762090474e-13,1.08004676253967e-13,10078025.7818311,-88.8766863088771,Safe,1
100000,1e-12,88862381.6274341,2.03091762090474e-13,4.64805838878672e-13,10142239.7732822,-84.930829297906,Safe,1
100000,1e-12,100000000,1.80472176682717e-13,8.29321621235823e-14,11455977.1609203,-88.9227911794944,Safe,1
100000,5e-12,1000000,3.88815518030809e-12,1.40143782058126e-10,410311.078298017,-87.5760553640351,Safe,1
100000,5e-12,1125335.58260076,3.88815518030809e-12,2.402313298095e-10,423080.452026134,-85.4693959436207,Safe,1
100000,5e-12,1266380.1734674,3.45510729459222e-12,7.67026066893098e-11,477352.800796641,-88.2128877627095,Safe,1
100000,5e-12,1425102.670303,3.45510729459222e-12,1.62880695064122e-10,490948.87583903,-85.8847766762919,Safe,1
100000,5e-12,1603718.74375133,3.07029062975785e-12,3.93908483536794e-11,553766.495470305,-88.768096163073,Safe,1
100000,5e-12,1804721.76682717,3.07029062975785e-12,1.1189863056319e-10,568181.431308451,-86.2314393640519,Safe,1
100000,5e-12,2030917.62090473,2.72833337648677e-12,1.79037037440099e-11,640704.56293546,-89.249940037563,Safe,1
100000,5e-12,2285463.86413499,2.72833337648677e-12,7.7936945846487e-11,655948.757536668,-86.5205709327574,Safe,1
100000,5e-12,2571913.80905935,2.42446201708233e-12,5.90361275023722e-12,739486.692165143,-89.6696240701989,Safe,1
100000,5e-12,2894266.12471675,2.42446201708233e-12,5.50418831357541e-11,755434.895726803,-86.7494570154013,Safe,1
100000,5e-12,3257020.65565978,2.42446201708233e-12,9.93488729136177e-11,767794.178707204,-83.6805846632699,Safe,1
100000,5e-12,3665241.23707963,2.15443469003189e-12,3.94082062480772e-11,868038.508641211,-86.9244324535427,Safe,1
100000,5e-12,4124626.38290135,2.15443469003189e-12,7.52503295246932e-11,880668.180439598,-83.7183478106033,Safe,1
100000,5e-12,4641588.83361278,1.91448197616996e-12,2.85923093832579e-11,995642.69245022,-87.0755137503576,Safe,1
100000,5e-12,5223345.07426684,1.91448197616996e-12,5.74276292879915e-11,1007930.98585482,-83.7074710500228,Safe,1
100000,5e-12,5878016.07227491,1.70125427985259e-12,2.10049808764383e-11,1139784.50936871,-87.1860198314577,Safe,1
100000,5e-12,6614740.64123015,1.70125427985259e-12,4.41044810101692e-11,1151970.25662331,-83.6954590435884,Safe,1
100000,5e-12,7443803.0132517,1.51177507061566e-12,1.56047470637513e-11,1302648.8756541,-87.2718443445077,Safe,1
100000,5e-12,8376776.40068292,1.51177507061566e-12,3.40523314988629e-11,1314225.54392046,-83.6511876482873,Safe,1
100000,5e-12,9426684.55117885,1.3433993325989e-12,1.17088640988821e-11,1486476.14356238,-87.3347685576388,Safe,1
100000,5e-12,10608183.5513945,1.3433993325989e-12,2.6405214689122e-11,1497689.83801556,-83.6161659818885,Safe,1
100000,5e-12,11937766.4171444,1.19377664171444e-12,8.8660267274864e-12,1694060.79534612,-87.3878910727295,Safe,1
100000,5e-12,13433993.325989,1.19377664171444e-12,2.05517469671593e-11,1704029.4917943,-83.5515952816036,Safe,1
100000,5e-12,15117750.7061566,1.06081835513945e-12,6.76379285040212e-12,1927746.46012208,-87.4102491112078,Safe,1
100000,5e-12,17012542.7985259,1.06081835513945e-12,1.60406230786326e-11,1936815.47093187,-83.4912939938921,Safe,1
100000,5e-12,19144819.7616996,9.42668455117885e-13,5.19386773485445e-12,2191589.65003992,-87.4369137509075,Safe,1
100000,5e-12,21544346.9003188,9.42668455117885e-13,1.25478289947823e-11,2199433.54213118,-83.438298727637,Safe,1
100000,5e-12,24244620.1708233,8.37677640068292e-13,4.00967360592764e-12,2488914.20858793,-87.4538210150077,Safe,1
100000,5e-12,27283333.7648677,8.37677640068292e-13,9.83421150390486e-12,2494819.77864193,-83.3715522880038,Safe,1
100000,5e-12,30702906.2975785,7.4438030132517e-13,3.10899175216724e-12,2823354.10980241,-87.4495676868101,Safe,1
100000,5e-12,34551072.9459222,7.4438030132517e-13,7.72233435215529e-12,2827402.20113508,-83.3039325200376,Safe,1
100000,5e-12,38881551.8030809,6.61474064123016e-13,2.42046194104841e-12,3200345.5336507,-87.4483972733894,Safe,1
100000,5e-12,43754793.7507418,6.61474064123016e-13,6.06947707448427e-12,3202127.73627337,-83.2432247266978,Safe,1
100000,5e-12,49238826.3170674,5.87801607227492e-13,1.88815317951113e-12,3625169.71443175,-87.4492864326478,Safe,1
100000,5e-12,55410203.3000949,5.87801607227492e-13,4.77534961437056e-12,3624232.92720973,-83.1885389602723,Safe,1
100000,5e-12,62355073.4127391,5.22334507426683e-13,1.47734967875951e-12,4103768.81152027,-87.4514380640515,Safe,1
100000,5e-12,70170382.8670384,5.22334507426683e-13,3.76087711955701e-12,4099611.15807139,-83.1391236885298,Safe,1
100000,5e-12,78965228.6849973,4.64158883361277e-13,1.15912161479697e-12,4641875.93773091,-87.4389467772311,Safe,1
100000,5e-12,88862381.6274341,4.64158883361277e-13,2.9643426321843e-12,4634414.10755854,-83.087576599362,Safe,1
100000,5e-12,100000000,4.12462638290135e-13,9.10325128426255e-13,5247482.36080513,-87.4234857152119,Safe,1
100000,1e-11,1000000,5.5410203300095e-12,1.1355727380564e-10,315432.204698599,-88.847544806549,Safe,1
100000,1e-11,1125335.58260076,5.5410203300095e-12,3.56749088934196e-10,322820.736212487,-86.118547046862,Safe,1
100000,1e-11,1266380.1734674,4.92388263170673e-12,5.57169123623371e-11,364071.385536109,-89.2482356995336,Safe,1
100000,1e-11,1425102.670303,4.92388263170673e-12,2.54894893265491e-10,371829.335303034,-86.3391755173339,Safe,1
100000,1e-11,1603718.74375133,4.37547937507418e-12,2.28256311332863e-11,419283.741997393,-89.599507077994,Safe,1
100000,1e-11,1804721.76682717,4.37547937507418e-12,1.8456070516674e-10,427235.202222957,-86.4948020634739,Safe,1
100000,1e-11,2030917.62090473,3.88815518030809e-12,4.8235659876982e-12,481680.487708746,-89.8739730477822,Safe,1
100000,1e-11,2285463.86413499,3.88815518030809e-12,1.35318287415569e-10,490013.648032817,-86.6263606588734,Safe,1
100000,1e-11,2571913.80905935,3.88815518030809e-12,2.52310495655204e-10,495869.719632645,-83.27000585223,Safe,1
100000,1e-11,2894266.12471675,3.45510729459222e-12,1.00355630788688e-10,561003.533078433,-86.7288152392218,Safe,1
100000,1e-11,3257020.65565978,3.45510729459222e-12,1.94109475740342e-10,566679.822373056,-83.2398674612014,Safe,1
100000,1e-11,3665241.23707963,3.07029062975785e-12,7.52001844964329e-11,641115.636062782,-86.7954415605766,Safe,1
100000,1e-11,4124626.38290135,3.07029062975785e-12,1.50082140928258e-10,646511.32010558,-83.1862368479774,Safe,1
100000,1e-11,4641588.83361278,2.72833337648677e-12,5.68586760827288e-11,731637.888714963,-86.8507865691364,Safe,1
100000,1e-11,5223345.07426684,2.72833337648677e-12,1.16521616437785e-10,736739.431500609,-83.1386932960557,Safe,1
100000,1e-11,5878016.07227491,2.42446201708233e-12,4.33233757622649e-11,833730.880231221,-86.8852047432788,Safe,1
100000,1e-11,6614740.64123015,2.42446201708233e-12,9.07702157712535e-11,838190.809307125,-83.0610911357739,Safe,1
100000,1e-11,7443803.0132517,2.15443469003189e-12,3.32345818072289e-11,948785.809733604,-86.9007440491761,Safe,1
100000,1e-11,8376776.40068292,2.15443469003189e-12,7.09050699604407e-11,952700.892556565,-82.9926745070129,Safe,1
100000,1e-11,9426684.55117885,1.91448197616996e-12,2.56318240609486e-11,1078690.67482316,-86.9207920150362,Safe,1
100000,1e-11,10608183.5513945,1.91448197616996e-12,5.55086176295629e-11,1081882.65190458,-82.9318665259689,Safe,1
100000,1e-11,11937766.4171444,1.70125427985259e-12,1.98612885011088e-11,1224890.97899191,-86.9201857656088,Safe,1
100000,1e-11,13433993.325989,1.70125427985259e-12,4.35335991499725e-11,1227039.86286511,-82.8507189228461,Safe,1
100000,1e-11,15117750.7061566,1.51177507061566e-12,1.54465973592368e-11,1389524.64076545,-86.9102931080796,Safe,1
100000,1e-11,17012542.7985259,1.51177507061566e-12,3.41950519639123e-11,1390611.29824701,-82.7766196290637,Safe,1
100000,1e-11,19144819.7616996,1.3433993325989e-12,1.20540933319077e-11,1575105.65756627,-86.9037826432325,Safe,1
100000,1e-11,21544346.9003188,1.3433993325989e-12,2.68873784223971e-11,1574906.50184234,-82.7098199501689,Safe,1
100000,1e-11,24244620.1708233,1.19377664171444e-12,9.42726531301982e-12,1784233.46606635,-86.8996424378651,Safe,1
100000,1e-11,27283333.7648677,1.19377664171444e-12,2.11573446161534e-11,1782500.38921309,-82.649440264181,Safe,1
100000,1e-11,30702906.2975785,1.06081835513945e-12,7.38867704872814e-12,2019674.30816736,-86.8913177641175,Safe,1
100000,1e-11,34551072.9459222,1.06081835513945e-12,1.66616499670917e-11,2016290.91969893,-82.5947317853448,Safe,1
100000,1e-11,38881551.8030809,9.42668455117885e-13,5.80139403878264e-12,2284374.11485418,-86.8692962302136,Safe,1
100000,1e-11,43754793.7507418,9.42668455117885e-13,1.31302827845796e-11,2279062.85125569,-82.5316922177646,Safe,1
100000,1e-11,49238826.3170674,8.37677640068292e-13,4.55934026186274e-12,2582442.00494676,-86.8500500696622,Safe,1
100000,1e-11,55410203.3000949,8.37677640068292e-13,1.0354948335843e-11,2574849.48087875,-82.4735277028265,Safe,1
100000,1e-11,62355073.4127391,7.4438030132517e-13,3.58729817557749e-12,2918037.82213283,-86.8330466187379,Safe,1
100000,1e-11,70170382.8670384,7.4438030132517e-13,8.1659249867694e-12,2907819.8344732,-82.4209573901872,Safe,1
100000,1e-11,78965228.6849973,6.61474064123016e-13,2.82547947700067e-12,3295843.05471297,-86.8178507199225,Safe,1
100000,1e-11,88862381.6274341,6.61474064123016e-13,6.43977882164046e-12,3282616.97572076,-82.3733854563845,Safe,1
100000,1e-11,100000000,5.87801607227492e-13,2.22759644773781e-12,3721126.1435107,-86.8041057593969,Safe,1
100000,2e-11,1000000,7.89652286849973e-12,9.93430869488184e-11,237173.628607724,-89.4312261921772,Safe,1
100000,2e-11,1125335.58260076,7.89652286849973e-12,6.28731864895322e-10,241153.551830118,-86.1808673603579,Safe,1
100000,2e-11,1266380.1734674,7.01703828670384e-12,4.45037125813202e-11,271969.417038887,-89.6553038613423,Safe,1
100000,2e-11,1425102.670303,7.01703828670384e-12,4.69681478536879e-10,276113.060719332,-86.2748852251073,Safe,1
100000,2e-11,1603718.74375133,6.23550734127393e-12,1.39846769199445e-11,311387.848751973,-89.8640601532394,Safe,1
100000,2e-11,1804721.76682717,6.23550734127393e-12,3.54183977873269e-10,315516.899027294,-86.3225152839873,Safe,1
100000,2e-11,2030917.62090473,6.23550734127393e-12,6.58151567242751e-10,318023.993361235,-82.7250443643562,Safe,1
100000,2e-11,2285463.86413499,5.5410203300095e-12,2.692749444463e-10,360088.688581376,-86.3699230011667,Safe,1
100000,2e-11,2571913.80905935,5.5410203300095e-12,5.11494717484268e-10,362369.916412802,-82.6605793198766,Safe,1
100000,2e-11,2894266.12471675,4.92388263170673e-12,2.06150068487449e-10,410295.637289067,-86.3859227097086,Safe,1
100000,2e-11,3257020.65565978,4.92388263170673e-12,3.98786051854359e-10,412271.525278268,-82.5744216083696,Safe,1
100000,2e-11,3665241.23707963,4.37547937507418e-12,1.58745658887618e-10,466937.336997146,-86.3943329588274,Safe,1
100000,2e-11,4124626.38290135,4.37547937507418e-12,3.11716924902824e-10,468594.858579785,-82.497699970751,Safe,1
100000,2e-11,4641588.83361278,3.88815518030809e-12,1.22839889998555e-10,530890.272426401,-86.4074550595686,Safe,1
100000,2e-11,5223345.07426684,3.88815518030809e-12,2.44165785872927e-10,532085.17653223,-82.4231803382479,Safe,1
100000,2e-11,5878016.07227491,3.45510729459222e-12,9.54356320543883e-11,602774.36901501,-86.3897495548464,Safe,1
100000,2e-11,6614740.64123015,3.45510729459222e-12,1.91573294503363e-10,603460.561021364,-82.3337433328094,Safe,1
100000,2e-11,7443803.0132517,3.07029062975785e-12,7.43920780794682e-11,683809.862295597,-86.3739705844805,Safe,1
100000,2e-11,8376776.40068292,3.07029062975785e-12,1.50508373668467e-10,683900.655320437,-82.2530253416582,Safe,1
100000,2e-11,9426684.55117885,2.72833337648677e-12,5.81393029583031e-11,775156.032121894,-86.3618828357403,Safe,1
100000,2e-11,10608183.5513945,2.72833337648677e-12,1.18376982483409e-10,774530.37523705,-82.1800047858072,Safe,1
100000,2e-11,11937766.4171444,2.42446201708233e-12,4.55355429705269e-11,878092.170439495,-86.3524880938017,Safe,1
100000,2e-11,13433993.325989,2.42446201708233e-12,9.31810344376112e-11,876615.719828803,-82.113812854147,Safe,1
100000,2e-11,15117750.7061566,2.15443469003189e-12,3.57264039807927e-11,993833.751843238,-86.3287996242612,Safe,1
100000,2e-11,17012542.7985259,2.15443469003189e-12,7.34007494438599e-11,991502.900405304,-82.048701130753,Safe,1
100000,2e-11,19144819.7616996,1.91448197616996e-12,2.80696438963877e-11,1124100.77966382,-86.3025254165993,Safe,1
100000,2e-11,21544346.9003188,1.91448197616996e-12,5.78538620282052e-11,1120684.97085231,-81.979672471959,Safe,1
100000,2e-11,24244620.1708233,1.70125427985259e-12,2.20773130192429e-11,1270788.8589306,-86.279339792941,Safe,1
100000,2e-11,27283333.7648677,1.70125427985259e-12,4.56165464777169e-11,1266119.9866092,-81.9172702819524,Safe,1
100000,2e-11,30702906.2975785,1.51177507061566e-12,1.73829669120722e-11,1435945.00573475,-86.2587008536164,Safe,1
100000,2e-11,34551072.9459222,1.51177507061566e-12,3.59771291220955e-11,1429836.32838052,-81.8608151822713,Safe,1
100000,2e-11,38881551.8030809,1.3433993325989e-12,1.3695378679979e-11,1621872.94111273,-86.2401616802013,Safe,1
100000,2e-11,43754793.7507418,1.3433993325989e-12,2.83898006152824e-11,1614116.78222365,-81.8096944640539,Safe,1
100000,2e-11,49238826.3170674,1.19377664171444e-12,1.07946816605908e-11,1831165.22649223,-86.2233519654015,Safe,1
100000,2e-11,55410203.3000949,1.19377664171444e-12,2.24032557029371e-11,1821530.33753529,-81.7633530281508,Safe,1
100000,2e-11,62355073.4127391,1.06081835513945e-12,8.51501152966135e-12,2066739.38524128,-86.2079627463425,Safe,1
100000,2e-11,70170382.8670384,1.06081835513945e-12,1.76838370816362e-11,2054967.93725749,-81.7212859722813,Safe,1
100000,2e-11,78965228.6849973,9.42668455117885e-13,6.7175051320076e-12,2331878.5081696,-86.1937338302182,Safe,1
100000,2e-11,88862381.6274341,9.42668455117885e-13,1.39596044058142e-11,2317682.67282193,-81.6830324378341,Safe,1
100000,2e-11,100000000,8.37677640068292e-13,5.30380106604146e-12,2630276.90146582,-86.1804434969104,Safe,1
1000000,1e-12,1000000,5.87801607227492e-13,4.24230796385628e-10,300547.702014103,-85.9923502639544,Safe,1
1000000,1e-12,1125335.58260076,5.22334507426683e-13,8.06775645064064e-11,339007.645897795,-89.0617101838596,Safe,1
1000000,1e-12,1266380.1734674,5.22334507426683e-13,3.01037962538589e-10,346512.865257204,-86.2258327072714,Safe,1
1000000,1e-12,1425102.670303,4.64158883361277e-13,3.68913115603842e-11,390767.816508753,-89.4217157405928,Safe,1
1000000,1e-12,1603718.74375133,4.64158883361277e-13,2.16541661266775e-10,398645.157445876,-86.4167712599957,Safe,1
1000000,1e-12,1804721.76682717,4.12462638290135e-13,1.24147518043981e-11,449469.618951354,-89.7343033253175,Safe,1
1000000,1e-12,2030917.62090473,4.12462638290135e-13,1.57796760660547e-10,457733.553873603,-86.5768985811627,Safe,1
1000000,1e-12,2285463.86413499,4.12462638290135e-13,2.88289553431187e-10,463571.617104238,-83.2788072493337,Safe,1
1000000,1e-12,2571913.80905935,3.66524123707963e-13,1.16373110007938e-10,524387.492966512,-86.6761592340558,Safe,1
1000000,1e-12,2894266.12471675,3.66524123707963e-13,2.21153075211716e-10,530256.242142027,-83.2639522373745,Safe,1
1000000,1e-12,3257020.65565978,3.25702065565978e-13,8.67663281301652e-11,599892.37093791,-86.7709099833555,Safe,1
1000000,1e-12,3665241.23707963,3.25702065565978e-13,1.70583742866802e-10,605366.151974585,-83.2117249148674,Safe,1
1000000,1e-12,4124626.38290135,2.89426612471675e-13,6.53196852742078e-11,684977.871322005,-86.8222176090842,Safe,1
1000000,1e-12,4641588.83361278,2.89426612471675e-13,1.32180365839453e-10,690262.554312993,-83.1630680037675,Safe,1
1000000,1e-12,5223345.07426684,2.57191380905935e-13,4.95876469849616e-11,781254.155892002,-86.8798266845224,Safe,1
1000000,1e-12,5878016.07227491,2.57191380905935e-13,1.02803093898771e-10,785926.391139838,-83.098631649108,Safe,1
1000000,1e-12,6614740.64123015,2.28546386413499e-13,3.79154273298594e-11,889508.699779616,-86.8922780254296,Safe,1
1000000,1e-12,7443803.0132517,2.28546386413499e-13,8.01992580830004e-11,893717.128456725,-83.0258412011786,Safe,1
1000000,1e-12,8376776.40068292,2.03091762090474e-13,2.91670485533217e-11,1011772.255501,-86.9103301355719,Safe,1
1000000,1e-12,9426684.55117885,2.03091762090474e-13,6.27217870793324e-11,1015349.44237897,-82.9614050931369,Safe,1
1000000,1e-12,10608183.5513945,1.80472176682717e-13,2.25498334778528e-11,1149696.95611369,-86.9267877665271,Safe,1
1000000,1e-12,11937766.4171444,1.80472176682717e-13,4.91498423151489e-11,1152300.24749932,-82.8908240515366,Safe,1
1000000,1e-12,13433993.325989,1.60371874375133e-13,1.75102581376569e-11,1304740.17537652,-86.9147436053684,Safe,1
1000000,1e-12,15117750.7061566,1.60371874375133e-13,3.85750273169789e-11,1306384.43972957,-82.8126959319932,Safe,1
1000000,1e-12,17012542.7985259,1.425102670303e-13,1.3639447686919e-11,1479541.44085183,-86.9066840280767,Safe,1
1000000,1e-12,19144819.7616996,1.425102670303e-13,3.03165268934493e-11,1480014.62396212,-82.7423657148793,Safe,1
1000000,1e-12,21544346.9003188,1.2663801734674e-13,1.06558185054073e-11,1676551.49744964,-86.9014703725439,Safe,1
1000000,1e-12,24244620.1708233,1.2663801734674e-13,2.384781824783e-11,1675618.01176363,-82.6788771499521,Safe,1
1000000,1e-12,27283333.7648677,1.12533558260076e-13,8.34336124061503e-12,1898527.61241845,-86.8982065832298,Safe,1
1000000,1e-12,30702906.2975785,1.12533558260076e-13,1.87773844287053e-11,1895926.25521034,-82.6214195432694,Safe,1
1000000,1e-12,34551072.9459222,1e-13,6.54392618802814e-12,2148094.44902543,-86.8799223871731,Safe,1
1000000,1e-12,38881551.8030809,1e-13,1.47927833369148e-11,2143805.57894567,-82.5630771241229,Safe,1
1000000,1e-12,43754793.7507418,1e-13,2.21255293925704e-11,2126597.57839993,-78.3475501353978,Safe,1
1000000,1e-12,49238826.3170674,1e-13,2.86443830664516e-11,2098975.88454857,-74.3465503622279,Safe,1
1000000,1e-12,55410203.3000949,1e-13,3.44380624854827e-11,2063926.74856744,-70.6466836500063,Safe,1
1000000,1e-12,62355073.4127391,1e-13,3.95914284667215e-11,2024484.65887026,-67.3015999567069,Safe,1
1000000,1e-12,70170382.8670384,1e-13,4.41700552778944e-11,1983284.68119111,-64.3317440808217,Safe,1
1000000,1e-12,78965228.6849973,1e-13,4.82375885317946e-11,1943032.72594002,-61.7412086606642,Safe,1
1000000,1e-12,88862381.6274341,1e-13,5.18538165313486e-11,1905010.17359439,-59.5009777964912,Safe,1
1000000,1e-12,100000000,1e-13,5.50727416146836e-11,1869646.12926634,-57.5687628261877,Safe,1
1000000,5e-12,1000000,1.3433993325989e-12,1.92679378088242e-09,149308.909588513,-85.4790902197568,Safe,1
1000000,5e-12,1125335.58260076,1.19377664171444e-12,2.49967179911547e-10,168524.294739856,-89.2764243351389,Safe,1
1000000,5e-12,1266380.1734674,1.19377664171444e-12,1.48763905270036e-09,170012.656042087,-85.4677433026642,Safe,1
1000000,5e-12,1425102.670303,1.06081835513945e-12,1.70664746373991e-10,191907.72343674,-89.3565232168514,Safe,1
1000000,5e-12,1603718.74375133,1.06081835513945e-12,1.15363459143575e-09,193395.625503056,-85.4627229595607,Safe,1
1000000,5e-12,1804721.76682717,9.42668455117885e-13,1.18126257342108e-10,218320.34488482,-89.4381497765063,Safe,1
1000000,5e-12,2030917.62090473,9.42668455117885e-13,8.97848659617632e-10,219703.10051366,-85.4349151876872,Safe,1
1000000,5e-12,2285463.86413499,8.37677640068292e-13,8.29225188485213e-11,248002.174284996,-89.476501057401,Safe,1
1000000,5e-12,2571913.80905935,8.37677640068292e-13,7.00826914944261e-10,249343.095350302,-85.4033094208329,Safe,1
1000000,5e-12,2894266.12471675,7.4438030132517e-13,5.90457707768571e-11,281483.33969012,-89.5165563964053,Safe,1
1000000,5e-12,3257020.65565978,7.4438030132517e-13,5.48339741324088e-10,282759.806475327,-85.3767369190635,Safe,1
1000000,5e-12,3665241.23707963,6.61474064123016e-13,4.262905998635e-11,319234.736054826,-89.5569075953439,Safe,1
1000000,5e-12,4124626.38290135,6.61474064123016e-13,4.29858611480157e-10,320421.502254885,-85.3541020335018,Safe,1
1000000,5e-12,4641588.83361278,5.87801607227492e-13,3.11882789232104e-11,361761.387682065,-89.591045553652,Safe,1
1000000,5e-12,5223345.07426684,5.87801607227492e-13,3.37495326737763e-10,362769.420329903,-85.3180905125166,Safe,1
1000000,5e-12,5878016.07227491,5.22334507426683e-13,2.30956428239205e-11,409564.670441218,-89.6019193029701,Safe,1
1000000,5e-12,6614740.64123015,5.22334507426683e-13,2.65303843939155e-10,410433.817792909,-85.2803875642354,Safe,1
1000000,5e-12,7443803.0132517,4.64158883361277e-13,1.72981060950156e-11,463410.584313156,-89.6133777065781,Safe,1
1000000,5e-12,8376776.40068292,4.64158883361277e-13,2.08767253231612e-10,464110.299830149,-85.2468204431863,Safe,1
1000000,5e-12,9426684.55117885,4.12462638290135e-13,1.3082066411252e-11,524051.396385269,-89.6248519657341,Safe,1
1000000,5e-12,10608183.5513945,4.12462638290135e-13,1.64404332461248e-10,524548.010361917,-85.2167684894352,Safe,1
1000000,5e-12,11937766.4171444,3.66524123707963e-13,9.98271793375389e-12,592333.67131507,-89.6359186016295,Safe,1
1000000,5e-12,13433993.325989,3.66524123707963e-13,1.29553537820602e-10,592590.053794013,-85.1897108459092,Safe,1
1000000,5e-12,15117750.7061566,3.25702065565978e-13,7.67411797882767e-12,669210.10577794,-89.6462706422038,Safe,1
1000000,5e-12,17012542.7985259,3.25702065565978e-13,1.02143493911657e-10,669185.262169177,-85.1652077911603,Safe,1
1000000,5e-12,19144819.7616996,2.89426612471675e-13,5.93639988410001e-12,755752.827759238,-89.655692789954,Safe,1
1000000,5e-12,21544346.9003188,2.89426612471675e-13,8.05657025202873e-11,755401.421150291,-85.1428852884411,Safe,1
1000000,5e-12,24244620.1708233,2.57191380905935e-13,4.61912856478902e-12,853168.34391135,-89.6640404304512,Safe,1
1000000,5e-12,27283333.7648677,2.57191380905935e-13,6.35703952498931e-11,852440.13735921,-85.1224223043436,Safe,1
1000000,5e-12,30702906.2975785,2.28546386413499e-13,3.61044203477476e-12,962723.493667307,-89.6636755435862,Safe,1
1000000,5e-12,34551072.9459222,2.28546386413499e-13,5.01701007747564e-11,961630.165080203,-85.1018493908628,Safe,1
1000000,5e-12,38881551.8030809,2.03091762090474e-13,2.8331940967331e-12,1085989.28651619,-89.6603503008051,Safe,1
1000000,5e-12,43754793.7507418,2.03091762090474e-13,3.96087863611194e-11,1084432.37610402,-85.077636816901,Safe,1
1000000,5e-12,49238826.3170674,1.80472176682717e-13,2.22952510267091e-12,1224717.37795229,-89.6570513636508,Safe,1
1000000,5e-12,55410203.3000949,1.80472176682717e-13,3.12750683951999e-11,1222632.38682233,-85.0555231822212,Safe,1
1000000,5e-12,62355073.4127391,1.60371874375133e-13,1.76086195392612e-12,1380841.15637953,-89.6536524008232,Safe,1
1000000,5e-12,70170382.8670384,1.60371874375133e-13,2.47002837282608e-11,1378155.93696567,-85.0352152638639,Safe,1
1000000,5e-12,78965228.6849973,1.425102670303e-13,1.39634617156905e-12,1556535.97397777,-89.6500472576863,Safe,1
1000000,5e-12,88862381.6274341,1.425102670303e-13,1.95102733032842e-11,1553169.68401156,-85.0164463397956,Safe,1
1000000,5e-12,100000000,1.2663801734674e-13,1.11090524146932e-12,1754249.31401728,-89.6461438197822,Safe,1
1000000,1e-11,1000000,1.91448197616996e-12,4.10048046517614e-09,108093.823294593,-84.9166337766433,Safe,1
1000000,1e-11,1125335.58260076,1.70125427985259e-12,6.9499080511715e-10,122095.05431948,-88.9432730147079,Safe,1
1000000,1e-11,1266380.1734674,1.70125427985259e-12,3.20429044913142e-09,122678.792002349,-84.8783470008874,Safe,1
1000000,1e-11,1425102.670303,1.51177507061566e-12,5.22252754700496e-10,138585.442573524,-88.9783732701393,Safe,1
1000000,1e-11,1603718.74375133,1.51177507061566e-12,2.50937100444755e-09,139122.036080076,-84.8454196088246,Safe,1
1000000,1e-11,1804721.76682717,1.3433993325989e-12,3.95914284659094e-10,157179.356320141,-89.014018648349,Safe,1
1000000,1e-11,2030917.62090473,1.3433993325989e-12,1.96856458941427e-09,157648.163573234,-84.814261360118,Safe,1
1000000,1e-11,2285463.86413499,1.19377664171444e-12,3.02420808125578e-10,178094.164687385,-89.0300650302243,Safe,1
1000000,1e-11,2571913.80905935,1.19377664171444e-12,1.54645917083998e-09,178468.053466688,-84.7664752642439,Safe,1
1000000,1e-11,2894266.12471675,1.06081835513945e-12,2.32497423527953e-10,201634.241110501,-89.0370082725295,Safe,1
1000000,1e-11,3257020.65565978,1.06081835513945e-12,1.21622330131639e-09,201918.152544682,-84.7239195250519,Safe,1
1000000,1e-11,3665241.23707963,9.42668455117885e-13,1.79702423390346e-10,228150.097101378,-89.0448019079366,Safe,1
1000000,1e-11,4124626.38290135,9.42668455117885e-13,9.57359236227213e-10,228325.915142617,-84.6858487313416,Safe,1
1000000,1e-11,4641588.83361278,8.37677640068292e-13,1.39528541134474e-10,258012.151439761,-89.0528712917035,Safe,1
1000000,1e-11,5223345.07426684,8.37677640068292e-13,7.54134937290862e-10,258059.869974567,-84.6516351390108,Safe,1
1000000,1e-11,5878016.07227491,7.4438030132517e-13,1.08733707818002e-10,291637.256397334,-89.0607851190004,Safe,1
1000000,1e-11,6614740.64123015,7.4438030132517e-13,5.9439409246871e-10,291534.770801623,-84.620747167683,Safe,1
1000000,1e-11,7443803.0132517,6.61474064123016e-13,8.4999680211457e-11,329494.525039338,-89.0682268502599,Safe,1
1000000,1e-11,8376776.40068292,6.61474064123016e-13,4.68707507795713e-10,329217.384680959,-84.5927315232782,Safe,1
1000000,1e-11,9426684.55117885,5.87801607227492e-13,6.66118840793794e-11,372111.87964346,-89.0749702003516,Safe,1
1000000,1e-11,10608183.5513945,5.87801607227492e-13,3.69738579908126e-10,371632.997806801,-84.5671985042739,Safe,1
1000000,1e-11,11937766.4171444,5.22334507426683e-13,5.23109077504921e-11,420026.537037486,-89.0702365014406,Safe,1
1000000,1e-11,13433993.325989,5.22334507426683e-13,2.91757275000797e-10,419357.284175993,-84.541294487979,Safe,1
1000000,1e-11,15117750.7061566,4.64158883361277e-13,4.11536389625306e-11,473949.14995693,-89.0645914681879,Safe,1
1000000,1e-11,17012542.7985259,4.64158883361277e-13,2.30281399009872e-10,473031.604964578,-84.5121768692111,Safe,1
1000000,1e-11,19144819.7616996,4.12462638290135e-13,3.2420689425461e-11,534638.477499338,-89.0593101829697,Safe,1
1000000,1e-11,21544346.9003188,4.12462638290135e-13,1.81796942647656e-10,533438.006894856,-84.4857127112286,Safe,1
1000000,1e-11,24244620.1708233,3.66524123707963e-13,2.55758930678886e-11,602940.443562809,-89.0542252469629,Safe,1
1000000,1e-11,27283333.7648677,3.66524123707963e-13,1.43551715324869e-10,601418.355159636,-84.4615599261754,Safe,1
1000000,1e-11,30702906.2975785,3.25702065565978e-13,2.01988031144017e-11,679806.8794939,-89.0491973366288,Safe,1
1000000,1e-11,34551072.9459222,3.25702065565978e-13,1.13370194277131e-10,677919.878326568,-84.4394087720059,Safe,1
1000000,1e-11,38881551.8030809,2.89426612471675e-13,1.59654055362415e-11,766308.735237452,-89.0441078632,Safe,1
1000000,1e-11,43754793.7507418,2.89426612471675e-13,8.95455198887436e-11,764008.304674434,-84.4189767679446,Safe,1
1000000,1e-11,49238826.3170674,2.57191380905935e-13,1.26307611569058e-11,863650.929733679,-89.0388529394109,Safe,1
1000000,1e-11,55410203.3000949,2.57191380905935e-13,7.07372769812618e-11,860882.627635007,-84.4000042604361,Safe,1
1000000,1e-11,62355073.4127391,2.28546386413499e-13,1.00020044830849e-11,973189.042215055,-89.033338406483,Safe,1
1000000,1e-11,70170382.8670384,2.28546386413499e-13,5.58885626513825e-11,969891.700189809,-84.3822505060821,Safe,1
1000000,1e-11,78965228.6849973,2.03091762090474e-13,7.9248431201313e-12,1096448.07016994,-89.0274757068971,Safe,1
1000000,1e-11,88862381.6274341,2.03091762090474e-13,4.41623406581621e-11,1092552.88187168,-84.3654901619234,Safe,1
1000000,1e-11,100000000,1.80472176682717e-13,6.28548642699205e-12,1235143.50659471,-89.0211784194412,Safe,1
1000000,2e-11,1000000,2.72833337648677e-12,8.91394608338489e-09,77550.2759871291,-84.2713720838711,Safe,1
1000000,2e-11,1125335.58260076,2.42446201708233e-12,1.95325492655873e-09,87668.6306915882,-88.4718608097042,Safe,1
1000000,2e-11,1266380.1734674,2.42446201708233e-12,7.0058236124448e-09,87792.3499554934,-84.2182240870196,Safe,1
1000000,2e-11,1425102.670303,2.15443469003189e-12,1.51634515271976e-09,99259.4735047476,-88.474652844346,Safe,1
1000000,2e-11,1603718.74375133,2.15443469003189e-12,5.51176021111144e-09,99328.2181025968,-84.1706691002723,Safe,1
1000000,2e-11,1804721.76682717,1.91448197616996e-12,1.1813512914757e-09,112315.61305006,-88.4785735305342,Safe,1
1000000,2e-11,2030917.62090473,1.91448197616996e-12,4.33985547208236e-09,112318.946934766,-84.1279595068333,Safe,1
1000000,2e-11,2285463.86413499,1.70125427985259e-12,9.23036893041364e-10,127019.425077749,-88.4830435066667,Safe,1
1000000,2e-11,2571913.80905935,1.70125427985259e-12,3.41935476064013e-09,126945.808288544,-84.0894605981195,Safe,1
1000000,2e-11,2894266.12471675,1.51177507061566e-12,7.22919657201186e-10,143576.147633801,-88.4876242815951,Safe,1
1000000,2e-11,3257020.65565978,1.51177507061566e-12,2.69551127795069e-09,143412.812658868,-84.0546299202445,Safe,1
1000000,2e-11,3665241.23707963,1.3433993325989e-12,5.67282990075844e-10,162216.750104856,-88.4919899856141,Safe,1
1000000,2e-11,4124626.38290135,1.3433993325989e-12,2.12579625414379e-09,161949.556104538,-84.0230002580777,Safe,1
1000000,2e-11,4641588.83361278,1.19377664171444e-12,4.45858732804402e-10,183173.744620746,-88.4843779649726,Safe,1
1000000,2e-11,5223345.07426684,1.19377664171444e-12,1.67707346885052e-09,182809.487230211,-83.9923538318215,Safe,1
1000000,2e-11,5878016.07227491,1.06081835513945e-12,3.50880191972992e-10,206758.5802102,-88.4757141274135,Safe,1
1000000,2e-11,6614740.64123015,1.06081835513945e-12,1.32344301499691e-09,206266.195855152,-83.9574044912185,Safe,1
1000000,2e-11,7443803.0132517,9.42668455117885e-13,2.76428325592967e-10,233304.515255481,-88.4678266413685,Safe,1
1000000,2e-11,8376776.40068292,9.42668455117885e-13,1.04462122866556e-09,232665.993308833,-83.9257436923968,Safe,1
1000000,2e-11,9426684.55117885,8.37677640068292e-13,2.17968865917238e-10,263181.619733409,-88.4604969795282,Safe,1
1000000,2e-11,10608183.5513945,8.37677640068292e-13,8.24704421286818e-10,262376.86091695,-83.8969732115562,Safe,1
1000000,2e-11,11937766.4171444,7.4438030132517e-13,1.72007090207407e-10,296806.312407459,-88.4535437850056,Safe,1
1000000,2e-11,13433993.325989,7.4438030132517e-13,6.51196837554492e-10,295812.852905135,-83.8707333605965,Safe,1
1000000,2e-11,15117750.7061566,6.61474064123016e-13,1.35823595008035e-10,334647.145445219,-88.4468141461006,Safe,1
1000000,2e-11,17012542.7985259,6.61474064123016e-13,5.14268123277911e-10,333439.843464292,-83.8466973643098,Safe,1
1000000,2e-11,19144819.7616996,5.87801607227492e-13,1.07318075097119e-10,377231.307259977,-88.4401764173613,Safe,1
1000000,2e-11,21544346.9003188,5.87801607227492e-13,4.06186300832346e-10,375781.987242714,-83.8245664827313,Safe,1
1000000,2e-11,24244620.1708233,5.22334507426683e-13,8.48396018520108e-11,425151.932176536,-88.4335143101743,Safe,1
1000000,2e-11,27283333.7648677,5.22334507426683e-13,3.20862606595282e-10,423428.981039574,-83.8040657259382,Safe,1
1000000,2e-11,30702906.2975785,4.64158883361277e-13,6.71017624323847e-11,479076.316161746,-88.4267220095719,Safe,1
1000000,2e-11,34551072.9459222,4.64158883361277e-13,2.53490832474231e-10,477044.224979966,-83.7849400374024,Safe,1
1000000,2e-11,38881551.8030809,4.12462638290135e-13,5.30997276181279e-11,539755.14972408,-88.419700107397,Safe,1
1000000,2e-11,43754793.7507418,4.12462638290135e-13,2.00286957490942e-10,537373.993155582,-83.7669508454334,Safe,1
1000000,2e-11,49238826.3170674,3.66524123707963e-13,4.20388915768223e-11,608032.892298248,-88.4123521732434,Safe,1
1000000,2e-11,55410203.3000949,3.66524123707963e-13,1.58273138429016e-10,605257.736734787,-83.7498729008034,Safe,1
1000000,2e-11,62355073.4127391,3.25702065565978e-13,3.33020847298874e-11,684859.427122025,-88.4045818125515,Safe,1
1000000,2e-11,70170382.8670384,3.25702065565978e-13,1.25084844340659e-10,681639.657005206,-83.7334913330227,Safe,1
1000000,2e-11,78965228.6849973,2.89426612471675e-13,2.63917141045903e-11,771303.151921158,-88.3962900854362,Safe,1
1000000,2e-11,88862381.6274341,2.89426612471675e-13,9.88744238000789e-11,767581.701839361,-83.7175988686597,Safe,1
1000000,2e-11,100000000,2.57191380905935e-13,2.09278346791142e-11,868565.678787234,-88.3873731802537,Safe,1
